TMC_Crossing,Location,Type,Start_Time,End_Time,dur_mins,In_Out,Latitude,Longitude
14th_Main,695 west,Incident,10/18/2013 6:57,10/18/2013 6:58,1,OUT,38.873974,-77.041504
14th_Main,395 south,Incident,12/31/2013 18:04,12/31/2013 17:46,0,OUT,38.877655,-77.041229
14th_Main,14th street br north,Collision,3/21/2014 17:13,3/21/2014 17:14,1,IN,38.877655,-77.038704
14th_HOV,Major Crash at I-395 HOV LN in District Of Columbia County,Collision,3/14/2014 21:36,3/14/2014 22:55,79,,38.876331,-77.041313
14th_Main,14th street bridge north,Incident,2/28/2014 16:25,2/28/2014 16:26,1,IN,38.880119,-77.039024
14th_Main,14th street br north,Incident,2/18/2014 18:49,2/18/2014 18:51,2,IN,38.880276,-77.0392
14th_Main,14th street bridge south,Incident,1/16/2014 19:19,1/16/2014 19:21,2,OUT,38.878151,-77.038704
14th_Main,national mall exit north,Incident,1/16/2014 18:45,1/16/2014 18:46,1,IN,38.874947,-77.043755
14th_Main,14th Street Bridge north,Incident,1/7/2014 1:44,1/7/2014 0:25,0,IN,38.877865,-77.039635
14th_Main,395 south,Incident,4/4/2014 14:10,4/4/2014 14:04,0,OUT,38.876671,-77.040283
14th_Main,395 north,Collision,7/3/2014 18:26,7/3/2014 18:33,7,IN,38.876179,-77.039337
14th_Main,ohio dr,Collision,8/6/2014 9:41,8/6/2014 9:44,3,,38.879326,-77.039017
14th_Main,395 south,Collision,8/22/2014 14:04,8/22/2014 14:05,1,OUT,38.877655,-77.040283
14th_Main,14th street bridge north,Disabled Vehicle,8/27/2014 18:38,8/27/2014 18:40,2,IN,38.873219,-77.041862
14th_Main,Case Bridge north,Disabled Vehicle,8/22/2014 13:46,8/22/2014 14:49,63,IN,38.875931,-77.040596
14th_Main,395 south,Disabled Vehicle,7/3/2014 15:04,7/3/2014 15:05,1,OUT,38.875439,-77.042175
14th_Main,695,Disabled Vehicle,8/5/2014 14:34,8/5/2014 14:35,1,,38.879925,-77.040382
14th_Main,14th street bridge south,Disabled Vehicle,8/2/2014 8:32,8/2/2014 8:34,2,OUT,38.876648,-77.040573
14th_Main,14th street bridge south,Disabled Vehicle,8/12/2014 19:25,8/12/2014 19:26,1,OUT,38.877472,-77.040764
14th_Main,14th street bridge north,Disabled Vehicle,8/10/2014 16:43,8/10/2014 16:44,1,IN,38.877808,-77.041191
14th_Main,sw freeway,Disabled Vehicle,7/30/2014 10:58,7/30/2014 11:00,2,,38.877377,-77.038078
14th_Main,I-395 north,Collision,12/31/2013 16:55,12/31/2013 17:56,61,IN,38.873123,-77.043175
14th_Main,I-395N north @ MM 9.700,Collision,11/1/2013 14:15,11/1/2013 14:47,32,IN,38.87225,-77.04305
14th_Main,I-395 north,Collision,12/29/2013 13:36,12/29/2013 14:21,45,IN,38.873123,-77.043175
14th_Main,I-395 north,Collision,10/31/2013 9:25,10/31/2013 10:24,59,IN,38.873123,-77.043175
14th_Main,I-395S south @ MM 9.700,Collision,10/30/2013 7:32,10/30/2013 8:45,73,OUT,38.873734,-77.044266
14th_Main,I-395N north @ MM 9.700,Collision,11/10/2013 16:16,11/10/2013 16:35,19,IN,38.87225,-77.04305
14th_Main,I-395S south @ MM 9.700,Collision,12/20/2013 21:14,12/20/2013 21:41,27,OUT,38.873734,-77.044266
14th_Main,I-395 north,Collision,10/4/2013 16:00,10/4/2013 16:18,18,IN,38.873123,-77.043175
14th_Main,I-395S south @ MM 9.700,Collision,10/26/2013 22:35,10/27/2013 0:01,86,OUT,38.873734,-77.044266
14th_Main,I-395 north,Collision,11/14/2013 18:45,11/14/2013 18:50,5,IN,38.873123,-77.043175
14th_Main,I-395 north,Collision,11/14/2013 18:51,11/14/2013 19:41,50,IN,38.873123,-77.043175
14th_Main,I-395S south @ MM 9.700,Collision,12/19/2013 21:50,12/19/2013 22:49,59,OUT,38.873734,-77.044266
14th_Main,I-395N north @ MM 9.700,Collision,10/26/2013 19:00,10/26/2013 19:35,35,IN,38.87225,-77.04305
14th_Main,I-395 north,Collision,11/15/2013 14:10,11/15/2013 14:50,40,IN,38.873123,-77.043175
14th_Main,I-395 north,Collision,10/5/2013 8:02,10/5/2013 8:38,36,IN,38.873123,-77.043175
14th_Main,I-395 north,Collision,10/5/2013 17:09,10/5/2013 17:12,3,IN,38.873123,-77.043175
14th_Main,I-395 north,Collision,10/26/2013 5:39,10/26/2013 6:53,74,IN,38.873123,-77.043175
14th_Main,I-395N north @ MM 9.700,Collision,11/18/2013 14:19,11/18/2013 14:53,34,IN,38.87225,-77.04305
14th_Main,I-395 north,Collision,10/8/2013 18:15,10/8/2013 18:38,23,IN,38.873123,-77.043175
14th_Main,I-395N north @ MM 9.700,Collision,10/9/2013 15:00,10/9/2013 15:39,39,IN,38.87225,-77.04305
14th_Main,I-395 north,Collision,10/22/2013 16:13,10/22/2013 16:45,32,IN,38.873123,-77.043175
14th_Main,I-395 north,Collision,10/22/2013 9:54,10/22/2013 10:18,24,IN,38.873123,-77.043175
14th_Main,I-395 north,Collision,10/10/2013 6:38,10/10/2013 7:19,41,IN,38.873123,-77.043175
14th_Main,I-395 north,Collision,10/21/2013 19:07,10/21/2013 20:07,60,IN,38.873123,-77.043175
14th_HOV,I-395N HOV north @ MM 9.700,Collision,10/10/2013 9:08,10/10/2013 9:49,41,IN,38.8735,-77.04404
14th_Main,I-395S south @ MM 9.700,Collision,12/12/2013 7:46,12/12/2013 8:11,25,OUT,38.873734,-77.044266
14th_Main,I-395S south @ MM 9.700,Collision,12/11/2013 18:28,12/11/2013 18:46,18,OUT,38.873734,-77.044266
14th_Main,I-395 south,Collision,10/10/2013 23:40,10/10/2013 23:41,1,OUT,38.873123,-77.043175
14th_Main,I-395S south @ MM 9.700,Collision,11/27/2013 9:06,11/27/2013 9:41,35,OUT,38.873734,-77.044266
14th_Main,I-395N north @ MM 9.700,Collision,10/15/2013 20:10,10/15/2013 20:41,31,IN,38.87225,-77.04305
14th_Main,I-395N north @ MM 9.700,Collision,12/7/2013 16:47,12/7/2013 17:46,59,IN,38.87225,-77.04305
14th_Main,I-395 north,Collision,12/7/2013 11:01,12/7/2013 11:56,55,IN,38.873123,-77.043175
14th_Main,I-395S south @ MM 9.700,Collision,12/6/2013 16:04,12/6/2013 16:19,15,OUT,38.873734,-77.044266
14th_Main,I-395 north,Collision,10/11/2013 21:03,10/11/2013 22:21,78,IN,38.873123,-77.043175
14th_Main,I-395N north @ MM 9.700,Collision,10/17/2013 8:00,10/17/2013 9:07,67,IN,38.87225,-77.04305
14th_Main,I-395 north,Collision,10/15/2013 6:02,10/15/2013 6:57,55,IN,38.873123,-77.043175
14th_Main,I-395 north,Collision,10/15/2013 15:18,10/15/2013 16:11,53,IN,38.873123,-77.043175
14th_Main,I-395 south,Disabled Vehicle,12/1/2013 9:47,12/1/2013 10:26,39,OUT,38.873123,-77.043175
14th_Main,I-395 north,Disabled Vehicle,11/29/2013 11:42,11/29/2013 12:16,34,IN,38.873123,-77.043175
14th_Main,I-395S south @ MM 9.700,Disabled Vehicle,11/28/2013 10:58,11/28/2013 11:25,27,OUT,38.873734,-77.044266
14th_Main,I-395 north,Disabled Vehicle,11/19/2013 9:17,11/19/2013 9:21,4,IN,38.873123,-77.043175
14th_Main,I-395 north,Disabled Vehicle,11/19/2013 4:37,11/19/2013 4:57,20,IN,38.873123,-77.043175
14th_Main,I-395 north,Disabled Vehicle,11/19/2013 0:28,11/19/2013 0:35,7,IN,38.873123,-77.043175
14th_Main,I-395 north,Disabled Vehicle,11/12/2013 9:23,11/12/2013 9:41,18,IN,38.873123,-77.043175
14th_Main,I-395 north,Disabled Vehicle,12/29/2013 12:42,12/29/2013 12:49,7,IN,38.873123,-77.043175
14th_Main,I-395 north,Disabled Vehicle,11/6/2013 5:44,11/6/2013 6:10,26,IN,38.873123,-77.043175
14th_Main,I-395 north,Disabled Vehicle,12/30/2013 17:41,12/30/2013 18:42,61,IN,38.873123,-77.043175
14th_Main,I-395 north,Disabled Vehicle,10/31/2013 18:52,10/31/2013 19:59,67,IN,38.873123,-77.043175
14th_Main,I-395N north @ MM 9.700,Disabled Vehicle,10/30/2013 9:35,10/30/2013 9:49,14,IN,38.87225,-77.04305
14th_Main,I-395 north,Disabled Vehicle,10/7/2013 7:57,10/7/2013 8:45,48,IN,38.873123,-77.043175
14th_Main,I-395 north,Disabled Vehicle,10/10/2013 3:21,10/10/2013 4:25,64,IN,38.873123,-77.043175
14th_Main,I-395N north @ MM 9.700,Disabled Vehicle,10/24/2013 9:58,10/24/2013 10:16,18,IN,38.87225,-77.04305
14th_Main,I-395 north,Disabled Vehicle,10/22/2013 11:35,10/22/2013 13:22,107,IN,38.873123,-77.043175
14th_Main,I-395N north @ MM 9.700,Disabled Vehicle,10/15/2013 22:16,10/15/2013 23:22,66,IN,38.87225,-77.04305
14th_Main,I-395 north,Disabled Vehicle,10/17/2013 9:53,10/17/2013 10:04,11,IN,38.873123,-77.043175
14th_Main,I-395 north,Incident,12/23/2013 2:00,12/23/2013 3:06,66,IN,38.873123,-77.043175
14th_Main,I-395 north,Incident,12/16/2013 11:06,12/16/2013 11:18,12,IN,38.873123,-77.043175
14th_Main,I-395 north,Traffic Congestion,11/27/2013 14:03,11/27/2013 16:29,146,IN,38.873123,-77.043175
14th_Main,I-395 north,Traffic Congestion,11/25/2013 8:38,11/25/2013 8:58,20,IN,38.873123,-77.043175
14th_Main,I-395 north,Traffic Congestion,10/21/2013 8:45,10/21/2013 10:16,91,IN,38.873123,-77.043175
14th_Main,I-395 north,Traffic Congestion,10/20/2013 10:15,10/20/2013 11:45,90,IN,38.873123,-77.043175
14th_Main,I-395 north,Traffic Congestion,10/18/2013 8:12,10/18/2013 9:42,90,IN,38.873123,-77.043175
14th_Main,I-395N north @ MM 9.700,Traffic Congestion,11/22/2013 8:47,11/22/2013 8:55,8,IN,38.87225,-77.04305
14th_Main,I-395 north,Traffic Congestion,12/3/2013 7:05,12/3/2013 10:16,191,IN,38.873123,-77.043175
14th_Main,I-395 north,Traffic Congestion,10/22/2013 7:12,10/22/2013 7:39,27,IN,38.873123,-77.043175
14th_Main,I-395 north,Traffic Congestion,11/25/2013 17:26,11/25/2013 19:29,123,IN,38.873123,-77.043175
14th_Main,I-395 north,Traffic Congestion,12/2/2013 6:56,12/2/2013 10:01,185,IN,38.873123,-77.043175
14th_Main,I-395N north @ MM 9.700,Traffic Congestion,10/22/2013 8:04,10/22/2013 9:58,114,IN,38.87225,-77.04305
14th_Main,I-395 north,Traffic Congestion,10/17/2013 6:46,10/17/2013 10:04,198,IN,38.873123,-77.043175
14th_Main,I-395 north,Traffic Congestion,10/22/2013 15:55,10/22/2013 18:52,177,IN,38.873123,-77.043175
14th_Main,I-395 north,Traffic Congestion,10/15/2013 15:02,10/15/2013 16:24,82,IN,38.873123,-77.043175
14th_Main,I-395N north @ MM 9.700,Traffic Congestion,11/21/2013 8:29,11/21/2013 9:24,55,IN,38.87225,-77.04305
14th_Main,I-395 north,Traffic Congestion,11/21/2013 6:54,11/21/2013 9:52,178,IN,38.873123,-77.043175
14th_Main,I-395N north @ MM 9.700,Traffic Congestion,10/23/2013 7:13,10/23/2013 9:49,156,IN,38.87225,-77.04305
14th_Main,I-395 north,Traffic Congestion,11/20/2013 6:50,11/20/2013 10:12,202,IN,38.873123,-77.043175
14th_Main,I-395 north,Traffic Congestion,11/26/2013 8:46,11/26/2013 9:24,38,IN,38.873123,-77.043175
14th_Main,I-395 north,Traffic Congestion,11/26/2013 17:13,11/26/2013 19:55,162,IN,38.873123,-77.043175
14th_Main,I-395 north,Traffic Congestion,12/5/2013 6:25,12/5/2013 10:07,222,IN,38.873123,-77.043175
14th_Main,I-395 north,Traffic Congestion,10/23/2013 17:23,10/23/2013 18:20,57,IN,38.873123,-77.043175
14th_Main,I-395 north,Traffic Congestion,11/19/2013 16:48,11/19/2013 19:23,155,IN,38.873123,-77.043175
14th_Main,I-395 north,Traffic Congestion,11/22/2013 8:27,11/22/2013 9:04,37,IN,38.873123,-77.043175
14th_Main,I-395 north,Traffic Congestion,10/24/2013 7:02,10/24/2013 10:18,196,IN,38.873123,-77.043175
14th_Main,I-395N north @ MM 9.700,Traffic Congestion,10/24/2013 7:50,10/24/2013 10:38,168,IN,38.87225,-77.04305
14th_Main,I-395 north,Traffic Congestion,11/19/2013 7:30,11/19/2013 10:06,156,IN,38.873123,-77.043175
14th_Main,I-395 north,Traffic Congestion,11/18/2013 18:28,11/18/2013 19:04,36,IN,38.873123,-77.043175
14th_Main,I-395 north,Traffic Congestion,10/24/2013 15:32,10/24/2013 15:54,22,IN,38.873123,-77.043175
14th_Main,I-395 north,Traffic Congestion,10/24/2013 17:33,10/24/2013 18:04,31,IN,38.873123,-77.043175
14th_Main,I-395 north,Traffic Congestion,10/22/2013 7:48,10/22/2013 10:17,149,IN,38.873123,-77.043175
14th_Main,I-395 north,Traffic Congestion,11/21/2013 17:46,11/21/2013 18:05,19,IN,38.873123,-77.043175
14th_Main,I-395 north,Traffic Congestion,12/6/2013 6:55,12/6/2013 10:00,185,IN,38.873123,-77.043175
14th_Main,I-395 north,Traffic Congestion,10/25/2013 8:44,10/25/2013 9:58,74,IN,38.873123,-77.043175
14th_Main,I-395 north,Traffic Congestion,11/18/2013 7:28,11/18/2013 10:03,155,IN,38.873123,-77.043175
14th_Main,I-395 north,Traffic Congestion,12/7/2013 18:27,12/7/2013 21:10,163,IN,38.873123,-77.043175
14th_Main,I-395 north,Traffic Congestion,12/9/2013 7:52,12/9/2013 8:44,52,IN,38.873123,-77.043175
14th_Main,I-395 north,Traffic Congestion,12/11/2013 8:00,12/11/2013 10:43,163,IN,38.873123,-77.043175
14th_Main,I-395 north,Traffic Congestion,12/4/2013 7:12,12/4/2013 10:10,178,IN,38.873123,-77.043175
14th_Main,I-395N north @ MM 9.700,Traffic Congestion,11/15/2013 9:14,11/15/2013 10:11,57,IN,38.87225,-77.04305
14th_Main,I-395 north,Traffic Congestion,12/11/2013 17:49,12/11/2013 18:34,45,IN,38.873123,-77.043175
14th_Main,I-395 north,Traffic Congestion,10/26/2013 14:37,10/26/2013 15:19,42,IN,38.873123,-77.043175
14th_Main,I-395 north,Traffic Congestion,10/10/2013 17:39,10/10/2013 18:54,75,IN,38.873123,-77.043175
14th_Main,I-395 north,Traffic Congestion,11/15/2013 7:33,11/15/2013 10:26,173,IN,38.873123,-77.043175
14th_Main,I-395 north,Traffic Congestion,11/15/2013 6:43,11/15/2013 6:46,3,IN,38.873123,-77.043175
14th_Main,I-395N north @ MM 9.700,Traffic Congestion,12/12/2013 7:32,12/12/2013 10:12,160,IN,38.87225,-77.04305
14th_Main,I-395 north,Traffic Congestion,12/12/2013 8:24,12/12/2013 10:13,109,IN,38.873123,-77.043175
14th_Main,I-395 north,Traffic Congestion,10/23/2013 6:39,10/23/2013 10:11,212,IN,38.873123,-77.043175
14th_Main,I-395 north,Traffic Congestion,12/12/2013 17:49,12/12/2013 19:25,96,IN,38.873123,-77.043175
14th_Main,I-395 north,Traffic Congestion,10/10/2013 8:02,10/10/2013 10:27,145,IN,38.873123,-77.043175
14th_Main,I-395N north @ MM 9.700,Traffic Congestion,10/10/2013 8:01,10/10/2013 9:54,113,IN,38.87225,-77.04305
14th_Main,I-395 north,Traffic Congestion,12/13/2013 7:21,12/13/2013 9:40,139,IN,38.873123,-77.043175
14th_Main,I-395 north,Traffic Congestion,11/14/2013 17:02,11/14/2013 18:54,112,IN,38.873123,-77.043175
14th_Main,I-395N north @ MM 9.700,Traffic Congestion,12/13/2013 8:14,12/13/2013 9:52,98,IN,38.87225,-77.04305
14th_Main,I-395 north,Traffic Congestion,10/27/2013 13:08,10/27/2013 16:36,208,IN,38.873123,-77.043175
14th_Main,I-395 north,Traffic Congestion,12/13/2013 15:48,12/13/2013 18:32,164,IN,38.873123,-77.043175
14th_Main,I-395 north,Traffic Congestion,10/9/2013 17:04,10/9/2013 19:22,138,IN,38.873123,-77.043175
14th_Main,I-395 north,Traffic Congestion,10/27/2013 18:24,10/27/2013 18:53,29,IN,38.873123,-77.043175
14th_Main,I-395N north @ MM 9.700,Traffic Congestion,11/14/2013 7:14,11/14/2013 10:37,203,IN,38.87225,-77.04305
14th_Main,I-395 north,Traffic Congestion,11/14/2013 6:21,11/14/2013 10:36,255,IN,38.873123,-77.043175
14th_Main,I-395 north,Traffic Congestion,10/8/2013 17:25,10/8/2013 19:08,103,IN,38.873123,-77.043175
14th_Main,I-395N north @ MM 9.700,Traffic Congestion,12/5/2013 8:04,12/5/2013 9:46,102,IN,38.87225,-77.04305
14th_Main,I-395 north,Traffic Congestion,10/28/2013 8:03,10/28/2013 9:27,84,IN,38.873123,-77.043175
14th_Main,I-395 north,Traffic Congestion,12/16/2013 8:26,12/16/2013 9:38,72,IN,38.873123,-77.043175
14th_Main,I-395 north,Traffic Congestion,11/13/2013 14:47,11/13/2013 17:23,156,IN,38.873123,-77.043175
14th_Main,I-395 north,Traffic Congestion,11/13/2013 8:21,11/13/2013 9:57,96,IN,38.873123,-77.043175
14th_Main,I-395 north,Traffic Congestion,10/7/2013 17:01,10/7/2013 18:56,115,IN,38.873123,-77.043175
14th_Main,I-395 north,Traffic Congestion,10/29/2013 7:14,10/29/2013 10:01,167,IN,38.873123,-77.043175
14th_Main,I-395 north,Traffic Congestion,11/12/2013 7:18,11/12/2013 9:29,131,IN,38.873123,-77.043175
14th_Main,I-395 north,Traffic Congestion,12/18/2013 17:11,12/18/2013 19:19,128,IN,38.873123,-77.043175
14th_Main,I-395 north,Traffic Congestion,10/30/2013 6:53,10/30/2013 10:09,196,IN,38.873123,-77.043175
14th_Main,I-395N north @ MM 9.700,Traffic Congestion,10/30/2013 7:50,10/30/2013 10:10,140,IN,38.87225,-77.04305
14th_Main,I-395 north,Traffic Congestion,10/30/2013 17:43,10/30/2013 20:04,141,IN,38.873123,-77.043175
14th_Main,I-395 north,Traffic Congestion,12/7/2013 10:57,12/7/2013 11:56,59,IN,38.873123,-77.043175
14th_Main,I-395N north @ MM 9.700,Traffic Congestion,11/8/2013 8:28,11/8/2013 9:16,48,IN,38.87225,-77.04305
14th_Main,I-395 north,Traffic Congestion,12/20/2013 7:09,12/20/2013 7:29,20,IN,38.873123,-77.043175
14th_Main,I-395 north,Traffic Congestion,12/20/2013 7:32,12/20/2013 9:00,88,IN,38.873123,-77.043175
14th_Main,I-395 north,Traffic Congestion,10/31/2013 6:46,10/31/2013 9:07,141,IN,38.873123,-77.043175
14th_Main,I-395N north @ MM 9.700,Traffic Congestion,10/31/2013 7:20,10/31/2013 9:34,134,IN,38.87225,-77.04305
14th_Main,I-395N north @ MM 9.700,Traffic Congestion,11/7/2013 7:43,11/7/2013 10:31,168,IN,38.87225,-77.04305
14th_Main,I-395 north,Traffic Congestion,11/1/2013 6:28,11/1/2013 7:01,33,IN,38.873123,-77.043175
14th_Main,I-395 north,Traffic Congestion,11/1/2013 7:44,11/1/2013 8:31,47,IN,38.873123,-77.043175
14th_Main,I-395 north,Traffic Congestion,11/1/2013 8:18,11/1/2013 8:29,11,IN,38.873123,-77.043175
14th_Main,I-395 north,Traffic Congestion,11/1/2013 8:32,11/1/2013 9:45,73,IN,38.873123,-77.043175
14th_Main,I-395N north @ MM 9.700,Traffic Congestion,11/1/2013 8:42,11/1/2013 9:45,63,IN,38.87225,-77.04305
14th_Main,I-395 north,Traffic Congestion,11/6/2013 6:40,11/6/2013 10:00,200,IN,38.873123,-77.043175
14th_Main,I-395 north,Traffic Congestion,10/3/2013 8:18,10/3/2013 9:09,51,IN,38.873123,-77.043175
14th_Main,I-395 north,Traffic Congestion,11/5/2013 7:29,11/5/2013 10:09,160,IN,38.873123,-77.043175
14th_Main,I-395 north,Traffic Congestion,11/1/2013 14:25,11/1/2013 16:10,105,IN,38.873123,-77.043175
14th_Main,I-395 north,Traffic Congestion,11/1/2013 18:23,11/1/2013 18:44,21,IN,38.873123,-77.043175
14th_Main,I-395 north,Traffic Congestion,10/1/2013 16:41,10/1/2013 18:01,80,IN,38.873123,-77.043175
14th_Main,I-395 north,Traffic Congestion,10/2/2013 7:46,10/2/2013 9:37,111,IN,38.873123,-77.043175
14th_Main,I-395 north,Traffic Congestion,10/1/2013 6:42,10/1/2013 10:13,211,IN,38.873123,-77.043175
14th_Main,I-395 north,Traffic Congestion,11/4/2013 8:15,11/4/2013 9:14,59,IN,38.873123,-77.043175
14th_Main,I-395 north,Traffic Congestion,11/2/2013 17:49,11/2/2013 18:24,35,IN,38.873123,-77.043175
14th_Main,I-395 north,Traffic Congestion,3/31/2014 15:41,3/31/2014 16:33,52,IN,38.873123,-77.043175
14th_Main,I-395 north,Traffic Congestion,3/31/2014 8:03,3/31/2014 9:38,95,IN,38.873123,-77.043175
14th_Main,I-395N north @ MM 9.700,Collision,3/29/2014 1:15,3/29/2014 1:23,8,IN,38.87225,-77.04305
14th_Main,I-395N north @ MM 9.700,Collision,3/28/2014 17:44,3/28/2014 18:01,17,IN,38.87225,-77.04305
14th_Main,I-395 north,Traffic Congestion,3/28/2014 11:38,3/28/2014 12:42,64,IN,38.873123,-77.043175
14th_Main,I-395 north,Traffic Congestion,3/28/2014 8:13,3/28/2014 10:21,128,IN,38.873123,-77.043175
14th_Main,I-395 north,Traffic Congestion,3/27/2014 17:40,3/27/2014 18:08,28,IN,38.873123,-77.043175
14th_Main,I-395S south @ MM 9.700,Disabled Vehicle,3/27/2014 11:53,3/27/2014 12:33,40,OUT,38.873734,-77.044266
14th_Main,I-395N north @ MM 9.700,Disabled Vehicle,3/27/2014 10:01,3/27/2014 10:23,22,IN,38.87225,-77.04305
14th_Main,I-395 north,Traffic Congestion,3/27/2014 7:11,3/27/2014 10:24,193,IN,38.873123,-77.043175
14th_Main,I-395N north @ MM 9.700,Disabled Vehicle,3/27/2014 6:54,3/27/2014 7:09,15,IN,38.87225,-77.04305
14th_Main,I-395N north @ MM 9.700,Traffic Congestion,3/26/2014 7:40,3/26/2014 10:34,174,IN,38.87225,-77.04305
14th_Main,I-395N north @ MM 9.700,Traffic Congestion,3/26/2014 6:46,3/26/2014 7:40,54,IN,38.87225,-77.04305
14th_Main,I-395 north,Disabled Vehicle,3/25/2014 20:14,3/25/2014 20:24,10,IN,38.873123,-77.043175
14th_Main,I-395 north,Collision,3/25/2014 13:10,3/25/2014 14:37,87,IN,38.873123,-77.043175
14th_Main,I-395 north,Traffic Congestion,3/25/2014 7:55,3/25/2014 10:01,126,IN,38.873123,-77.043175
14th_Main,I-395 north,Traffic Congestion,3/24/2014 7:48,3/24/2014 9:49,121,IN,38.873123,-77.043175
14th_Main,I-395 north,Traffic Congestion,3/20/2014 16:09,3/20/2014 18:53,164,IN,38.873123,-77.043175
14th_Main,I-395 north,Traffic Congestion,3/20/2014 14:54,3/20/2014 15:34,40,IN,38.873123,-77.043175
14th_Main,I-395N north @ MM 9.700,Traffic Congestion,3/20/2014 8:16,3/20/2014 10:19,123,IN,38.87225,-77.04305
14th_Main,I-395 north,Traffic Congestion,3/20/2014 7:26,3/20/2014 8:14,48,IN,38.873123,-77.043175
14th_Main,I-395 north,Traffic Congestion,3/19/2014 17:22,3/19/2014 19:16,114,IN,38.873123,-77.043175
14th_Main,I-395 north,Traffic Congestion,3/19/2014 7:33,3/19/2014 10:23,170,IN,38.873123,-77.043175
14th_Main,I-395 north,Traffic Congestion,3/18/2014 17:42,3/18/2014 19:19,97,IN,38.873123,-77.043175
14th_Main,I-395 north,Disabled Vehicle,3/17/2014 23:05,3/18/2014 0:35,90,IN,38.873123,-77.043175
14th_Main,I-395 north,Collision,3/17/2014 18:42,3/17/2014 19:45,63,IN,38.873123,-77.043175
14th_Main,I-395N north @ MM 9.700,Collision,3/17/2014 11:38,3/17/2014 12:50,72,IN,38.87225,-77.04305
14th_Main,I-395 south,Collision,3/14/2014 21:20,3/14/2014 21:35,15,OUT,38.873123,-77.043175
14th_Main,I-395 north,Traffic Congestion,3/14/2014 16:47,3/14/2014 18:11,84,IN,38.873123,-77.043175
14th_Main,I-395 north,Traffic Congestion,3/14/2014 14:37,3/14/2014 15:46,69,IN,38.873123,-77.043175
14th_Main,I-395N north @ MM 9.700,Collision,3/14/2014 14:35,3/14/2014 15:35,60,IN,38.87225,-77.04305
14th_Main,I-395 north,Collision,3/14/2014 9:05,3/14/2014 10:06,61,IN,38.873123,-77.043175
14th_Main,I-395 north,Traffic Congestion,3/14/2014 8:47,3/14/2014 9:33,46,IN,38.873123,-77.043175
14th_Main,I-395 north,Collision,3/13/2014 21:45,3/13/2014 22:25,40,IN,38.873123,-77.043175
14th_Main,I-395 north,Traffic Congestion,3/13/2014 7:02,3/13/2014 10:23,201,IN,38.873123,-77.043175
14th_Main,I-395N north @ MM 9.700,Collision,3/13/2014 6:02,3/13/2014 7:12,70,IN,38.87225,-77.04305
14th_Main,I-395 north,Disabled Vehicle,3/12/2014 17:26,3/12/2014 17:55,29,IN,38.873123,-77.043175
14th_Main,I-395N north @ MM 9.700,Collision,3/12/2014 6:55,3/12/2014 7:25,30,IN,38.87225,-77.04305
14th_Main,I-395 north,Traffic Congestion,3/12/2014 6:53,3/12/2014 10:03,190,IN,38.873123,-77.043175
14th_Main,I-395 north,Traffic Congestion,3/11/2014 7:34,3/11/2014 10:06,152,IN,38.873123,-77.043175
14th_Main,I-395 north,Traffic Congestion,3/10/2014 17:26,3/10/2014 18:49,83,IN,38.873123,-77.043175
14th_Main,I-395N north @ MM 9.700,Traffic Congestion,3/10/2014 7:14,3/10/2014 9:52,158,IN,38.87225,-77.04305
14th_Main,I-395 north,Traffic Congestion,3/10/2014 6:52,3/10/2014 10:03,191,IN,38.873123,-77.043175
14th_Main,I-395 north,Traffic Congestion,3/7/2014 19:11,3/7/2014 19:42,31,IN,38.873123,-77.043175
14th_Main,I-395 north,Traffic Congestion,3/7/2014 15:38,3/7/2014 16:35,57,IN,38.873123,-77.043175
14th_Main,I-395 north,Traffic Congestion,3/7/2014 7:46,3/7/2014 9:44,118,IN,38.873123,-77.043175
14th_Main,I-395 north,Disabled Vehicle,3/7/2014 6:02,3/7/2014 6:32,30,IN,38.873123,-77.043175
14th_Main,I-395 north,Disabled Vehicle,3/7/2014 0:02,3/7/2014 0:30,28,IN,38.873123,-77.043175
14th_Main,I-395N north @ MM 9.700,Collision,3/6/2014 19:54,3/6/2014 20:32,38,IN,38.87225,-77.04305
14th_Main,I-395S south @ MM 9.700,Collision,3/6/2014 19:02,3/6/2014 19:22,20,OUT,38.873734,-77.044266
14th_Main,I-395 north,Traffic Congestion,3/6/2014 6:32,3/6/2014 10:28,236,IN,38.873123,-77.043175
14th_Main,I-395 north,Traffic Congestion,3/5/2014 18:31,3/5/2014 19:03,32,IN,38.873123,-77.043175
14th_Main,I-395N north @ MM 9.700,Traffic Congestion,3/5/2014 8:03,3/5/2014 10:21,138,IN,38.87225,-77.04305
14th_Main,I-395 north,Traffic Congestion,3/5/2014 6:48,3/5/2014 8:03,75,IN,38.873123,-77.043175
14th_Main,I-395S south @ MM 9.700,Disabled Vehicle,3/4/2014 9:22,3/4/2014 9:48,26,OUT,38.873734,-77.044266
14th_Main,I-395 north,Traffic Congestion,3/4/2014 8:54,3/4/2014 10:08,74,IN,38.873123,-77.043175
14th_Main,I-395 north,Disabled Vehicle,3/3/2014 10:46,3/3/2014 11:18,32,IN,38.873123,-77.043175
14th_Main,I-395 north,Collision,3/1/2014 19:26,3/1/2014 20:03,37,IN,38.873123,-77.043175
14th_Main,I-395N north @ MM 9.700,Traffic Congestion,2/28/2014 8:03,2/28/2014 10:02,119,IN,38.87225,-77.04305
14th_Main,I-395N north @ MM 9.700,Traffic Congestion,2/28/2014 6:27,2/28/2014 7:59,92,IN,38.87225,-77.04305
14th_Main,I-395N north @ MM 9.700,Traffic Congestion,2/27/2014 8:36,2/27/2014 11:09,153,IN,38.87225,-77.04305
14th_Main,I-395N north @ MM 9.700,Collision,2/26/2014 10:02,2/26/2014 10:49,47,IN,38.87225,-77.04305
14th_Main,I-395 north,Traffic Congestion,2/26/2014 6:54,2/26/2014 10:28,214,IN,38.873123,-77.043175
14th_Main,I-395 north,Traffic Congestion,2/25/2014 7:28,2/25/2014 10:13,165,IN,38.873123,-77.043175
14th_Main,I-395N north @ MM 9.700,Disabled Vehicle,2/24/2014 8:35,2/24/2014 8:58,23,IN,38.87225,-77.04305
14th_Main,I-395 north,Traffic Congestion,2/24/2014 8:13,2/24/2014 10:14,121,IN,38.873123,-77.043175
14th_Main,I-395 north,Collision,2/23/2014 19:24,2/23/2014 20:03,39,IN,38.873123,-77.043175
14th_Main,I-395 north,Collision,2/23/2014 0:33,2/23/2014 1:25,52,IN,38.873123,-77.043175
14th_Main,I-395 north,Traffic Congestion,2/22/2014 15:00,2/22/2014 15:58,58,IN,38.873123,-77.043175
14th_Main,I-395 north,Traffic Congestion,2/21/2014 17:07,2/21/2014 18:28,81,IN,38.873123,-77.043175
14th_Main,I-395 north,Traffic Congestion,2/21/2014 7:54,2/21/2014 9:21,87,IN,38.873123,-77.043175
14th_Main,I-395 south,Traffic Congestion,2/20/2014 8:27,2/20/2014 9:55,88,OUT,38.873123,-77.043175
14th_Main,I-395 north,Disabled Vehicle,2/19/2014 22:19,2/19/2014 22:47,28,IN,38.873123,-77.043175
14th_Main,I-395 north,Traffic Congestion,2/19/2014 8:12,2/19/2014 11:25,193,IN,38.873123,-77.043175
14th_Main,I-395N north @ MM 9.700,Traffic Congestion,2/19/2014 7:55,2/19/2014 8:12,17,IN,38.87225,-77.04305
14th_Main,I-395 north,Traffic Congestion,2/18/2014 17:47,2/18/2014 19:51,124,IN,38.873123,-77.043175
14th_Main,I-395 north,Traffic Congestion,2/17/2014 15:55,2/17/2014 17:00,65,IN,38.873123,-77.043175
14th_Main,I-395 north,Collision,2/15/2014 0:16,2/15/2014 1:13,57,IN,38.873123,-77.043175
14th_Main,I-395 south,Collision,2/13/2014 8:53,2/13/2014 9:23,30,OUT,38.873123,-77.043175
14th_Main,I-395N north @ MM 9.700,Collision,2/12/2014 11:32,2/12/2014 12:39,67,IN,38.87225,-77.04305
14th_Main,I-395 north,Traffic Congestion,2/12/2014 6:50,2/12/2014 10:00,190,IN,38.873123,-77.043175
14th_Main,I-395N north @ MM 9.700,Traffic Congestion,2/11/2014 7:20,2/11/2014 9:54,154,IN,38.87225,-77.04305
14th_Main,I-395 north,Traffic Congestion,2/11/2014 6:39,2/11/2014 10:06,207,IN,38.873123,-77.043175
14th_Main,I-395 north,Traffic Congestion,2/10/2014 17:40,2/10/2014 18:04,24,IN,38.873123,-77.043175
14th_Main,I-395 north,Traffic Congestion,2/10/2014 8:30,2/10/2014 9:09,39,IN,38.873123,-77.043175
14th_Main,I-395 north,Traffic Congestion,2/7/2014 7:58,2/7/2014 9:43,105,IN,38.873123,-77.043175
14th_Main,I-395 north,Traffic Congestion,2/6/2014 8:37,2/6/2014 10:16,99,IN,38.873123,-77.043175
14th_Main,I-395S south @ MM 9.700,Disabled Vehicle,2/5/2014 10:03,2/5/2014 10:05,2,OUT,38.873734,-77.044266
14th_Main,I-395 north,Traffic Congestion,2/5/2014 7:40,2/5/2014 9:57,137,IN,38.873123,-77.043175
14th_Main,I-395S south @ MM 9.700,Collision,2/4/2014 22:13,2/4/2014 22:36,23,OUT,38.873734,-77.044266
14th_Main,I-395N north @ MM 9.700,Disabled Vehicle,2/4/2014 8:14,2/4/2014 8:21,7,IN,38.87225,-77.04305
14th_Main,I-395 north,Traffic Congestion,2/4/2014 7:35,2/4/2014 10:14,159,IN,38.873123,-77.043175
14th_Main,I-395 north,Traffic Congestion,2/3/2014 17:18,2/3/2014 18:03,45,IN,38.873123,-77.043175
14th_Main,I-395N north @ MM 9.700,Collision,2/3/2014 9:58,2/3/2014 10:28,30,IN,38.87225,-77.04305
14th_Main,I-395 north,Collision,2/3/2014 6:53,2/3/2014 7:40,47,IN,38.873123,-77.043175
14th_Main,I-395 north,Traffic Congestion,2/3/2014 6:48,2/3/2014 10:30,222,IN,38.873123,-77.043175
14th_Main,I-395 north,Traffic Congestion,1/31/2014 7:35,1/31/2014 9:35,120,IN,38.873123,-77.043175
14th_Main,I-395 north,Traffic Congestion,1/30/2014 15:58,1/30/2014 19:00,182,IN,38.873123,-77.043175
14th_Main,I-395 north,Traffic Congestion,1/30/2014 7:31,1/30/2014 9:57,146,IN,38.873123,-77.043175
14th_Main,I-395 south,Disabled Vehicle,1/30/2014 4:14,1/30/2014 4:16,2,OUT,38.873123,-77.043175
14th_Main,I-395 north,Traffic Congestion,1/29/2014 6:38,1/29/2014 10:09,211,IN,38.873123,-77.043175
14th_Main,I-395 north,Incident,1/29/2014 5:59,1/29/2014 6:03,4,IN,38.873123,-77.043175
14th_Main,I-395 north,Traffic Congestion,1/28/2014 6:43,1/28/2014 9:47,184,IN,38.873123,-77.043175
14th_Main,I-395 north,Collision,1/27/2014 10:59,1/27/2014 12:43,104,IN,38.873123,-77.043175
14th_Main,I-395 north,Traffic Congestion,1/27/2014 7:33,1/27/2014 10:04,151,IN,38.873123,-77.043175
14th_Main,I-395S south @ MM 9.700,Disabled Vehicle,1/26/2014 15:36,1/26/2014 16:06,30,OUT,38.873734,-77.044266
14th_Main,I-395 north,Disabled Vehicle,1/25/2014 5:04,1/25/2014 5:31,27,IN,38.873123,-77.043175
14th_Main,I-395 north,Traffic Congestion,1/24/2014 17:03,1/24/2014 18:37,94,IN,38.873123,-77.043175
14th_Main,I-395N north @ MM 9.700,Traffic Congestion,1/24/2014 7:30,1/24/2014 9:45,135,IN,38.87225,-77.04305
14th_Main,I-395 north,Traffic Congestion,1/24/2014 7:28,1/24/2014 9:58,150,IN,38.873123,-77.043175
14th_Main,I-395N north @ MM 9.700,Traffic Congestion,1/23/2014 7:20,1/23/2014 10:03,163,IN,38.87225,-77.04305
14th_Main,I-395 north,Traffic Congestion,1/23/2014 6:27,1/23/2014 10:20,233,IN,38.873123,-77.043175
14th_Main,I-395 south,Disabled Vehicle,1/18/2014 15:17,1/18/2014 16:05,48,OUT,38.873123,-77.043175
14th_Main,I-395 north,Traffic Congestion,1/17/2014 13:02,1/17/2014 14:11,69,IN,38.873123,-77.043175
14th_Main,I-395N north @ MM 9.700,Disabled Vehicle,1/16/2014 17:41,1/16/2014 18:39,58,IN,38.87225,-77.04305
14th_Main,I-395 north,Traffic Congestion,1/16/2014 16:50,1/16/2014 19:14,144,IN,38.873123,-77.043175
14th_Main,I-395 north,Traffic Congestion,1/16/2014 6:55,1/16/2014 10:01,186,IN,38.873123,-77.043175
14th_Main,I-395 north,Traffic Congestion,1/15/2014 6:51,1/15/2014 10:22,211,IN,38.873123,-77.043175
14th_Main,I-395 north,Traffic Congestion,1/14/2014 17:20,1/14/2014 19:35,135,IN,38.873123,-77.043175
14th_Main,I-395 north,Traffic Congestion,1/14/2014 8:12,1/14/2014 9:59,107,IN,38.873123,-77.043175
14th_Main,I-395 north,Traffic Congestion,1/13/2014 9:40,1/13/2014 10:26,46,IN,38.873123,-77.043175
14th_Main,I-395 north,Traffic Congestion,1/13/2014 8:33,1/13/2014 9:35,62,IN,38.873123,-77.043175
14th_Main,I-395N north @ MM 9.700,Traffic Congestion,1/13/2014 7:24,1/13/2014 9:18,114,IN,38.87225,-77.04305
14th_Main,I-395S south @ MM 9.700,Disabled Vehicle,1/11/2014 14:20,1/11/2014 14:31,11,OUT,38.873734,-77.044266
14th_Main,I-395 north,Traffic Congestion,1/10/2014 18:37,1/10/2014 19:21,44,IN,38.873123,-77.043175
14th_Main,I-395 north,Traffic Congestion,1/10/2014 7:33,1/10/2014 10:00,147,IN,38.873123,-77.043175
14th_Main,I-395N north @ MM 9.700,Collision,1/9/2014 9:16,1/9/2014 11:34,138,IN,38.87225,-77.04305
14th_Main,I-395 north,Traffic Congestion,1/9/2014 8:37,1/9/2014 9:38,61,IN,38.873123,-77.043175
14th_Main,I-395N north @ MM 9.700,Traffic Congestion,1/9/2014 7:52,1/9/2014 9:40,108,IN,38.87225,-77.04305
14th_Main,I-395 north,Collision,1/8/2014 7:31,1/8/2014 7:41,10,IN,38.873123,-77.043175
14th_Main,I-395 north,Traffic Congestion,1/8/2014 7:15,1/8/2014 9:50,155,IN,38.873123,-77.043175
14th_Main,I-395 north,Collision,1/7/2014 19:07,1/7/2014 20:13,66,IN,38.873123,-77.043175
14th_Main,I-395 north,Traffic Congestion,1/7/2014 17:26,1/7/2014 19:40,134,IN,38.873123,-77.043175
14th_Main,I-395N north @ MM 9.700,Traffic Congestion,1/7/2014 8:24,1/7/2014 9:06,42,IN,38.87225,-77.04305
14th_Main,I-395 north,Disabled Vehicle,1/7/2014 7:28,1/7/2014 7:59,31,IN,38.873123,-77.043175
14th_Main,I-395N north @ MM 9.700,Traffic Congestion,1/7/2014 7:06,1/7/2014 7:18,12,IN,38.87225,-77.04305
14th_Main,I-395 north,Collision,1/6/2014 13:53,1/6/2014 14:50,57,IN,38.873123,-77.043175
14th_Main,I-395 north,Traffic Congestion,1/6/2014 6:32,1/6/2014 10:01,209,IN,38.873123,-77.043175
14th_Main,I-395N north @ MM 9.700,Collision,5/10/2014 11:46,5/10/2014 12:31,45,IN,38.87225,-77.04305
14th_Main,I-395 north,Collision,6/30/2014 8:27,6/30/2014 8:44,17,IN,38.873123,-77.043175
14th_Main,I-395 north,Collision,4/1/2014 15:54,4/1/2014 17:30,96,IN,38.873123,-77.043175
14th_Main,I-395 north,Collision,4/2/2014 5:34,4/2/2014 7:07,93,IN,38.873123,-77.043175
14th_Main,I-395N north @ MM 9.700,Collision,4/2/2014 17:15,4/2/2014 17:31,16,IN,38.87225,-77.04305
14th_Main,I-395 south,Collision,6/27/2014 14:17,6/27/2014 14:30,13,OUT,38.873123,-77.043175
14th_Main,I-395N north @ MM 9.700,Collision,4/3/2014 8:38,4/3/2014 10:00,82,IN,38.87225,-77.04305
14th_Main,I-395 north,Collision,4/3/2014 14:39,4/3/2014 14:57,18,IN,38.873123,-77.043175
14th_Main,I-395N north @ MM 9.700,Collision,5/15/2014 18:51,5/15/2014 20:03,72,IN,38.87225,-77.04305
14th_Main,I-395N north @ MM 9.700,Collision,4/5/2014 12:36,4/5/2014 13:13,37,IN,38.87225,-77.04305
14th_HOV,I-395N HOV north @ MM 9.700,Collision,5/16/2014 9:32,5/16/2014 10:29,57,IN,38.8735,-77.04404
14th_Main,I-395N north @ MM 9.700,Collision,5/17/2014 11:20,5/17/2014 12:16,56,IN,38.87225,-77.04305
14th_Main,I-395N north @ MM 9.700,Collision,4/21/2014 11:11,4/21/2014 11:47,36,IN,38.87225,-77.04305
14th_Main,I-395N north @ MM 9.700,Collision,4/7/2014 7:44,4/7/2014 9:39,115,IN,38.87225,-77.04305
14th_Main,I-395N north @ MM 9.700,Collision,6/23/2014 14:25,6/23/2014 15:23,58,IN,38.87225,-77.04305
14th_Main,I-395N north @ MM 9.700,Collision,5/20/2014 12:19,5/20/2014 12:50,31,IN,38.87225,-77.04305
14th_Main,I-395N north @ MM 9.700,Collision,6/20/2014 22:09,6/20/2014 22:33,24,IN,38.87225,-77.04305
14th_Main,I-395N north @ MM 9.700,Collision,5/22/2014 17:47,5/22/2014 17:59,12,IN,38.87225,-77.04305
14th_Main,I-395N north @ MM 9.700,Collision,4/10/2014 6:32,4/10/2014 7:16,44,IN,38.87225,-77.04305
14th_Main,I-395S south @ MM 9.700,Collision,6/19/2014 7:30,6/19/2014 8:22,52,OUT,38.873734,-77.044266
14th_Main,I-395S south @ MM 9.700,Collision,5/24/2014 12:06,5/24/2014 13:39,93,OUT,38.873734,-77.044266
14th_Main,I-395S south @ MM 9.700,Collision,5/25/2014 10:01,5/25/2014 11:33,92,OUT,38.873734,-77.044266
14th_Main,I-395 north,Collision,4/11/2014 19:25,4/11/2014 20:30,65,IN,38.873123,-77.043175
14th_Main,I-395N north @ MM 9.700,Collision,6/15/2014 19:13,6/15/2014 19:24,11,IN,38.87225,-77.04305
14th_Main,I-395N north @ MM 9.700,Collision,4/20/2014 10:42,4/20/2014 11:11,29,IN,38.87225,-77.04305
14th_Main,I-395 north,Collision,4/13/2014 11:51,4/13/2014 12:03,12,IN,38.873123,-77.043175
14th_Main,I-395 north,Collision,5/30/2014 22:55,5/30/2014 23:50,55,IN,38.873123,-77.043175
14th_Main,I-395N north @ MM 9.700,Collision,5/31/2014 11:18,5/31/2014 11:36,18,IN,38.87225,-77.04305
14th_Main,I-395N north @ MM 9.700,Collision,6/13/2014 16:19,6/13/2014 17:16,57,IN,38.87225,-77.04305
14th_Main,I-395 north,Collision,4/15/2014 19:15,4/15/2014 19:50,35,IN,38.873123,-77.043175
14th_Main,I-395 north,Collision,6/12/2014 11:16,6/12/2014 12:44,88,IN,38.873123,-77.043175
14th_Main,I-395S south @ MM 9.700,Collision,4/20/2014 3:33,4/20/2014 3:58,25,OUT,38.873734,-77.044266
14th_Main,I-395 north,Collision,4/23/2014 5:54,4/23/2014 6:50,56,IN,38.873123,-77.043175
14th_Main,I-395N north @ MM 9.700,Collision,6/10/2014 9:49,6/10/2014 10:08,19,IN,38.87225,-77.04305
14th_Main,I-395 north,Collision,4/18/2014 10:32,4/18/2014 10:42,10,IN,38.873123,-77.043175
14th_Main,I-395N north @ MM 9.700,Disabled Vehicle,6/29/2014 22:25,6/29/2014 22:44,19,IN,38.87225,-77.04305
14th_Main,I-395 north,Disabled Vehicle,6/15/2014 9:41,6/15/2014 10:01,20,IN,38.873123,-77.043175
14th_Main,I-395 south,Disabled Vehicle,5/30/2014 6:02,5/30/2014 6:24,22,OUT,38.873123,-77.043175
14th_Main,I-395N north @ MM 9.700,Disabled Vehicle,6/15/2014 22:00,6/15/2014 22:08,8,IN,38.87225,-77.04305
14th_Main,I-395 north,Disabled Vehicle,5/27/2014 15:39,5/27/2014 16:00,21,IN,38.873123,-77.043175
14th_Main,I-395N north @ MM 9.700,Disabled Vehicle,5/26/2014 23:48,5/27/2014 0:20,32,IN,38.87225,-77.04305
14th_Main,I-395N north @ MM 9.700,Disabled Vehicle,6/19/2014 9:39,6/19/2014 9:41,2,IN,38.87225,-77.04305
14th_Main,I-395S south @ MM 9.700,Disabled Vehicle,5/23/2014 0:24,5/23/2014 2:07,103,OUT,38.873734,-77.044266
14th_Main,I-395S south @ MM 9.700,Disabled Vehicle,5/22/2014 23:00,5/22/2014 23:11,11,OUT,38.873734,-77.044266
14th_Main,I-395N north @ MM 9.700,Disabled Vehicle,5/16/2014 7:24,5/16/2014 7:37,13,IN,38.87225,-77.04305
14th_Main,I-395N north @ MM 9.700,Disabled Vehicle,6/28/2014 5:49,6/28/2014 6:08,19,IN,38.87225,-77.04305
14th_Main,I-395 north,Disabled Vehicle,5/9/2014 17:38,5/9/2014 17:54,16,IN,38.873123,-77.043175
14th_Main,I-395N north @ MM 9.700,Disabled Vehicle,5/8/2014 4:44,5/8/2014 5:03,19,IN,38.87225,-77.04305
14th_Main,I-395 north,Disabled Vehicle,5/8/2014 0:00,5/8/2014 0:08,8,IN,38.873123,-77.043175
14th_Main,I-395 north,Disabled Vehicle,5/7/2014 14:15,5/7/2014 14:37,22,IN,38.873123,-77.043175
14th_Main,I-395S south @ MM 9.700,Disabled Vehicle,4/4/2014 7:11,4/4/2014 7:16,5,OUT,38.873734,-77.044266
14th_HOV,I-395S HOV south @ MM 9.700,Disabled Vehicle,5/2/2014 16:01,5/2/2014 16:51,50,OUT,38.873558,-77.044136
14th_Main,I-395N north @ MM 9.700,Disabled Vehicle,4/11/2014 13:25,4/11/2014 14:03,38,IN,38.87225,-77.04305
14th_Main,I-395 south,Disabled Vehicle,4/24/2014 10:42,4/24/2014 11:02,20,OUT,38.873123,-77.043175
14th_Main,I-395 north,Disabled Vehicle,4/15/2014 8:20,4/15/2014 8:51,31,IN,38.873123,-77.043175
14th_Main,I-395S south @ MM 9.700,Incident,5/10/2014 6:47,5/10/2014 6:59,12,OUT,38.873734,-77.044266
14th_Main,I-395 north,Traffic Congestion,4/16/2014 9:43,4/16/2014 10:13,30,IN,38.873123,-77.043175
14th_Main,I-395 north,Traffic Congestion,4/16/2014 8:18,4/16/2014 9:09,51,IN,38.873123,-77.043175
14th_Main,I-395 north,Traffic Congestion,6/12/2014 7:24,6/12/2014 10:12,168,IN,38.873123,-77.043175
14th_Main,I-395 north,Traffic Congestion,6/6/2014 14:51,6/6/2014 17:49,178,IN,38.873123,-77.043175
14th_Main,I-395 north,Traffic Congestion,4/21/2014 8:34,4/21/2014 9:37,63,IN,38.873123,-77.043175
14th_Main,I-395 north,Traffic Congestion,6/7/2014 14:19,6/7/2014 15:38,79,IN,38.873123,-77.043175
14th_Main,I-395 north,Traffic Congestion,6/5/2014 15:24,6/5/2014 17:06,102,IN,38.873123,-77.043175
14th_Main,I-395 north,Traffic Congestion,6/5/2014 6:51,6/5/2014 9:56,185,IN,38.873123,-77.043175
14th_Main,I-395N north @ MM 9.700,Traffic Congestion,4/22/2014 8:04,4/22/2014 10:35,151,IN,38.87225,-77.04305
14th_Main,I-395 north,Traffic Congestion,6/4/2014 17:28,6/4/2014 17:50,22,IN,38.873123,-77.043175
14th_Main,I-395 north,Traffic Congestion,4/15/2014 7:03,4/15/2014 10:00,177,IN,38.873123,-77.043175
14th_Main,I-395 north,Traffic Congestion,6/13/2014 8:31,6/13/2014 10:40,129,IN,38.873123,-77.043175
14th_Main,I-395 north,Traffic Congestion,6/4/2014 17:08,6/4/2014 19:26,138,IN,38.873123,-77.043175
14th_Main,I-395N north @ MM 9.700,Traffic Congestion,4/23/2014 7:50,4/23/2014 10:16,146,IN,38.87225,-77.04305
14th_Main,I-395 north,Traffic Congestion,6/4/2014 6:37,6/4/2014 9:56,199,IN,38.873123,-77.043175
14th_Main,I-395 north,Traffic Congestion,6/3/2014 18:23,6/3/2014 19:02,39,IN,38.873123,-77.043175
14th_Main,I-395 north,Traffic Congestion,6/13/2014 15:31,6/13/2014 16:16,45,IN,38.873123,-77.043175
14th_Main,I-395 north,Traffic Congestion,4/14/2014 8:17,4/14/2014 9:12,55,IN,38.873123,-77.043175
14th_Main,I-395 north,Traffic Congestion,6/3/2014 15:02,6/3/2014 17:47,165,IN,38.873123,-77.043175
14th_Main,I-395 north,Traffic Congestion,6/3/2014 9:03,6/3/2014 10:17,74,IN,38.873123,-77.043175
14th_Main,I-395 north,Traffic Congestion,4/24/2014 8:46,4/24/2014 11:02,136,IN,38.873123,-77.043175
14th_Main,I-395 north,Traffic Congestion,4/13/2014 15:54,4/13/2014 17:44,110,IN,38.873123,-77.043175
14th_Main,I-395 north,Traffic Congestion,4/19/2014 12:57,4/19/2014 13:53,56,IN,38.873123,-77.043175
14th_Main,I-395 north,Traffic Congestion,4/13/2014 12:45,4/13/2014 14:38,113,IN,38.873123,-77.043175
14th_Main,I-395 north,Traffic Congestion,6/1/2014 11:47,6/1/2014 14:37,170,IN,38.873123,-77.043175
14th_Main,I-395 north,Traffic Congestion,4/13/2014 10:51,4/13/2014 11:56,65,IN,38.873123,-77.043175
14th_Main,I-395 north,Traffic Congestion,4/25/2014 8:50,4/25/2014 9:15,25,IN,38.873123,-77.043175
14th_Main,I-395 north,Traffic Congestion,4/12/2014 17:47,4/12/2014 18:52,65,IN,38.873123,-77.043175
14th_Main,I-395 north,Traffic Congestion,6/11/2014 6:42,6/11/2014 10:19,217,IN,38.873123,-77.043175
14th_Main,I-395 north,Traffic Congestion,5/30/2014 8:08,5/30/2014 8:56,48,IN,38.873123,-77.043175
14th_Main,I-395 north,Traffic Congestion,6/16/2014 6:36,6/16/2014 9:21,165,IN,38.873123,-77.043175
14th_Main,I-395 north,Traffic Congestion,4/12/2014 9:56,4/12/2014 15:08,312,IN,38.873123,-77.043175
14th_Main,I-395 north,Traffic Congestion,6/16/2014 17:26,6/16/2014 18:22,56,IN,38.873123,-77.043175
14th_Main,I-395 north,Traffic Congestion,5/29/2014 15:36,5/29/2014 19:32,236,IN,38.873123,-77.043175
14th_Main,I-395 north,Traffic Congestion,4/26/2014 11:33,4/26/2014 11:39,6,IN,38.873123,-77.043175
14th_Main,I-395 north,Traffic Congestion,4/26/2014 11:36,4/26/2014 13:40,124,IN,38.873123,-77.043175
14th_Main,I-395 north,Traffic Congestion,5/29/2014 6:59,5/29/2014 10:02,183,IN,38.873123,-77.043175
14th_Main,I-395 north,Traffic Congestion,6/17/2014 7:43,6/17/2014 8:53,70,IN,38.873123,-77.043175
14th_Main,I-395 north,Traffic Congestion,6/17/2014 14:49,6/17/2014 20:20,331,IN,38.873123,-77.043175
14th_Main,I-395 north,Traffic Congestion,4/27/2014 11:38,4/27/2014 13:44,126,IN,38.873123,-77.043175
14th_Main,I-395N north @ MM 9.700,Traffic Congestion,5/28/2014 8:30,5/28/2014 9:45,75,IN,38.87225,-77.04305
14th_Main,I-395N north @ MM 9.700,Traffic Congestion,4/11/2014 8:43,4/11/2014 9:11,28,IN,38.87225,-77.04305
14th_Main,I-395 north,Traffic Congestion,5/28/2014 6:47,5/28/2014 10:01,194,IN,38.873123,-77.043175
14th_Main,I-395 north,Traffic Congestion,6/18/2014 6:43,6/18/2014 10:05,202,IN,38.873123,-77.043175
14th_Main,I-395 north,Traffic Congestion,4/17/2014 8:03,4/17/2014 9:26,83,IN,38.873123,-77.043175
14th_Main,I-395N north @ MM 9.700,Traffic Congestion,4/28/2014 8:01,4/28/2014 8:31,30,IN,38.87225,-77.04305
14th_Main,I-395 north,Traffic Congestion,4/28/2014 8:31,4/28/2014 9:17,46,IN,38.873123,-77.043175
14th_Main,I-395 north,Traffic Congestion,5/27/2014 16:55,5/27/2014 18:58,123,IN,38.873123,-77.043175
14th_Main,I-395 north,Traffic Congestion,5/27/2014 16:18,5/27/2014 16:32,14,IN,38.873123,-77.043175
14th_Main,I-395 north,Traffic Congestion,6/9/2014 6:48,6/9/2014 10:09,201,IN,38.873123,-77.043175
14th_Main,I-395 north,Traffic Congestion,4/18/2014 14:49,4/18/2014 19:28,279,IN,38.873123,-77.043175
14th_Main,I-395 north,Traffic Congestion,4/28/2014 15:26,4/28/2014 15:31,5,IN,38.873123,-77.043175
14th_Main,I-395 north,Traffic Congestion,5/27/2014 8:18,5/27/2014 9:34,76,IN,38.873123,-77.043175
14th_Main,I-395 north,Traffic Congestion,4/28/2014 17:13,4/28/2014 18:36,83,IN,38.873123,-77.043175
14th_Main,I-395 north,Traffic Congestion,6/18/2014 16:24,6/18/2014 19:16,172,IN,38.873123,-77.043175
14th_Main,I-395 north,Traffic Congestion,5/26/2014 18:40,5/26/2014 19:49,69,IN,38.873123,-77.043175
14th_Main,I-395 north,Traffic Congestion,4/10/2014 15:23,4/10/2014 16:23,60,IN,38.873123,-77.043175
14th_Main,I-395 north,Traffic Congestion,4/29/2014 7:37,4/29/2014 10:12,155,IN,38.873123,-77.043175
14th_Main,I-395 north,Traffic Congestion,6/19/2014 7:20,6/19/2014 9:49,149,IN,38.873123,-77.043175
14th_Main,I-395 north,Traffic Congestion,5/25/2014 9:57,5/25/2014 15:47,350,IN,38.873123,-77.043175
14th_Main,I-395 north,Traffic Congestion,4/29/2014 17:29,4/29/2014 18:56,87,IN,38.873123,-77.043175
14th_Main,I-395 north,Traffic Congestion,5/23/2014 14:57,5/23/2014 16:51,114,IN,38.873123,-77.043175
14th_Main,I-395 north,Traffic Congestion,4/9/2014 17:36,4/9/2014 19:11,95,IN,38.873123,-77.043175
14th_Main,I-395 north,Traffic Congestion,6/19/2014 17:42,6/19/2014 19:25,103,IN,38.873123,-77.043175
14th_Main,I-395 north,Traffic Congestion,4/30/2014 7:28,4/30/2014 10:59,211,IN,38.873123,-77.043175
14th_Main,I-395 north,Traffic Congestion,5/22/2014 18:44,5/22/2014 19:52,68,IN,38.873123,-77.043175
14th_Main,I-395 north,Traffic Congestion,5/22/2014 15:42,5/22/2014 18:43,181,IN,38.873123,-77.043175
14th_Main,I-395 north,Traffic Congestion,6/20/2014 16:03,6/20/2014 20:11,248,IN,38.873123,-77.043175
14th_Main,I-395 north,Traffic Congestion,4/9/2014 7:08,4/9/2014 10:29,201,IN,38.873123,-77.043175
14th_Main,I-395 north,Traffic Congestion,5/22/2014 8:03,5/22/2014 10:14,131,IN,38.873123,-77.043175
14th_Main,I-395 north,Traffic Congestion,5/1/2014 7:26,5/1/2014 10:03,157,IN,38.873123,-77.043175
14th_Main,I-395 north,Traffic Congestion,5/21/2014 15:34,5/21/2014 19:26,232,IN,38.873123,-77.043175
14th_Main,I-395 north,Traffic Congestion,5/1/2014 10:49,5/1/2014 13:26,157,IN,38.873123,-77.043175
14th_Main,I-395 north,Traffic Congestion,4/8/2014 8:19,4/8/2014 9:48,89,IN,38.873123,-77.043175
14th_Main,I-395 north,Traffic Congestion,6/10/2014 7:39,6/10/2014 10:06,147,IN,38.873123,-77.043175
14th_Main,I-395 north,Traffic Congestion,5/21/2014 7:03,5/21/2014 9:53,170,IN,38.873123,-77.043175
14th_Main,I-395 north,Traffic Congestion,5/20/2014 17:34,5/20/2014 18:18,44,IN,38.873123,-77.043175
14th_Main,I-395 north,Traffic Congestion,5/20/2014 7:26,5/20/2014 10:00,154,IN,38.873123,-77.043175
14th_Main,I-395 north,Traffic Congestion,5/2/2014 8:02,5/2/2014 9:31,89,IN,38.873123,-77.043175
14th_Main,I-395N north @ MM 9.700,Traffic Congestion,4/7/2014 10:09,4/7/2014 10:26,17,IN,38.87225,-77.04305
14th_Main,I-395 north,Traffic Congestion,5/2/2014 14:08,5/2/2014 18:19,251,IN,38.873123,-77.043175
14th_Main,I-395 north,Traffic Congestion,4/7/2014 6:50,4/7/2014 8:27,97,IN,38.873123,-77.043175
14th_Main,I-395 north,Traffic Congestion,5/19/2014 7:24,5/19/2014 10:07,163,IN,38.873123,-77.043175
14th_Main,I-395 north,Traffic Congestion,5/17/2014 16:01,5/17/2014 17:36,95,IN,38.873123,-77.043175
14th_Main,I-395 north,Traffic Congestion,5/16/2014 16:13,5/16/2014 18:46,153,IN,38.873123,-77.043175
14th_Main,I-395 north,Traffic Congestion,5/16/2014 6:31,5/16/2014 11:43,312,IN,38.873123,-77.043175
14th_Main,I-395 north,Traffic Congestion,6/24/2014 16:58,6/24/2014 18:01,63,IN,38.873123,-77.043175
14th_Main,I-395 north,Traffic Congestion,5/5/2014 7:29,5/5/2014 9:34,125,IN,38.873123,-77.043175
14th_Main,I-395 north,Traffic Congestion,6/25/2014 6:53,6/25/2014 7:04,11,IN,38.873123,-77.043175
14th_Main,I-395 north,Traffic Congestion,4/5/2014 14:22,4/5/2014 20:01,339,IN,38.873123,-77.043175
14th_Main,I-395 north,Traffic Congestion,6/25/2014 8:08,6/25/2014 9:48,100,IN,38.873123,-77.043175
14th_Main,I-395 north,Traffic Congestion,5/5/2014 15:19,5/5/2014 19:01,222,IN,38.873123,-77.043175
14th_Main,I-395 north,Traffic Congestion,5/15/2014 7:25,5/15/2014 11:04,219,IN,38.873123,-77.043175
14th_Main,I-395 north,Traffic Congestion,5/6/2014 7:54,5/6/2014 10:17,143,IN,38.873123,-77.043175
14th_Main,I-395 north,Traffic Congestion,5/14/2014 16:45,5/14/2014 17:36,51,IN,38.873123,-77.043175
14th_Main,I-395 north,Traffic Congestion,4/4/2014 15:55,4/4/2014 18:18,143,IN,38.873123,-77.043175
14th_Main,I-395 north,Traffic Congestion,5/6/2014 15:08,5/6/2014 19:09,241,IN,38.873123,-77.043175
14th_Main,I-395 north,Traffic Congestion,5/14/2014 15:18,5/14/2014 15:51,33,IN,38.873123,-77.043175
14th_Main,I-395 north,Traffic Congestion,4/4/2014 8:31,4/4/2014 9:15,44,IN,38.873123,-77.043175
14th_Main,I-395 north,Traffic Congestion,5/14/2014 8:09,5/14/2014 10:04,115,IN,38.873123,-77.043175
14th_Main,I-395 north,Traffic Congestion,5/7/2014 7:57,5/7/2014 10:21,144,IN,38.873123,-77.043175
14th_Main,I-395 north,Traffic Congestion,6/26/2014 8:30,6/26/2014 10:11,101,IN,38.873123,-77.043175
14th_Main,I-395 north,Traffic Congestion,5/7/2014 13:25,5/7/2014 13:47,22,IN,38.873123,-77.043175
14th_Main,I-395 north,Traffic Congestion,4/3/2014 16:50,4/3/2014 17:03,13,IN,38.873123,-77.043175
14th_Main,I-395 north,Traffic Congestion,5/13/2014 8:13,5/13/2014 10:13,120,IN,38.873123,-77.043175
14th_Main,I-395 north,Traffic Congestion,5/7/2014 18:44,5/7/2014 19:05,21,IN,38.873123,-77.043175
14th_Main,I-395 north,Traffic Congestion,6/26/2014 16:20,6/26/2014 18:23,123,IN,38.873123,-77.043175
14th_Main,I-395 north,Traffic Congestion,5/8/2014 7:53,5/8/2014 10:25,152,IN,38.873123,-77.043175
14th_Main,I-395 north,Traffic Congestion,4/3/2014 6:27,4/3/2014 10:19,232,IN,38.873123,-77.043175
14th_Main,I-395 north,Traffic Congestion,5/8/2014 14:25,5/8/2014 18:37,252,IN,38.873123,-77.043175
14th_Main,I-395 north,Traffic Congestion,6/27/2014 13:41,6/27/2014 15:27,106,IN,38.873123,-77.043175
14th_Main,I-395 north,Traffic Congestion,6/27/2014 15:51,6/27/2014 16:23,32,IN,38.873123,-77.043175
14th_Main,I-395 north,Traffic Congestion,4/2/2014 15:56,4/2/2014 17:48,112,IN,38.873123,-77.043175
14th_Main,I-395 north,Traffic Congestion,4/2/2014 8:04,4/2/2014 10:07,123,IN,38.873123,-77.043175
14th_Main,I-395 north,Traffic Congestion,4/10/2014 7:18,4/10/2014 10:07,169,IN,38.873123,-77.043175
14th_Main,I-395 north,Traffic Congestion,5/9/2014 8:27,5/9/2014 10:10,103,IN,38.873123,-77.043175
14th_Main,I-395 north,Traffic Congestion,5/9/2014 14:52,5/9/2014 18:00,188,IN,38.873123,-77.043175
14th_Main,I-395 north,Traffic Congestion,4/1/2014 7:32,4/1/2014 10:28,176,IN,38.873123,-77.043175
14th_Main,I-395 north,Traffic Congestion,6/30/2014 17:40,6/30/2014 19:36,116,IN,38.873123,-77.043175
14th_Main,I-395 north,Collision,7/2/2014 7:45,7/2/2014 8:03,18,IN,38.873123,-77.043175
14th_Main,I-395 north,Collision,9/29/2014 8:46,9/29/2014 9:26,40,IN,38.873123,-77.043175
14th_Main,I-395N north @ MM 9.700,Collision,8/8/2014 12:39,8/8/2014 13:27,48,IN,38.87225,-77.04305
14th_Main,I-395 north,Collision,8/7/2014 17:13,8/7/2014 17:58,45,IN,38.873123,-77.043175
14th_Main,I-395N north @ MM 9.700,Collision,8/7/2014 15:54,8/7/2014 16:12,18,IN,38.87225,-77.04305
14th_Main,I-395 north,Collision,9/27/2014 8:20,9/27/2014 9:14,54,IN,38.873123,-77.043175
14th_Main,I-395N north @ MM 9.700,Collision,7/4/2014 23:01,7/4/2014 23:36,35,IN,38.87225,-77.04305
14th_Main,I-395 north,Collision,8/6/2014 2:58,8/6/2014 3:21,23,IN,38.873123,-77.043175
14th_Main,I-395N north @ MM 9.700,Collision,7/5/2014 19:10,7/5/2014 21:13,123,IN,38.87225,-77.04305
14th_Main,I-395 north,Collision,9/6/2014 15:25,9/6/2014 17:04,99,IN,38.873123,-77.043175
14th_Main,I-395 north,Collision,8/26/2014 5:55,8/26/2014 7:32,97,IN,38.873123,-77.043175
14th_Main,I-395 north,Collision,9/19/2014 15:54,9/19/2014 16:30,36,IN,38.873123,-77.043175
14th_Main,I-395 north,Collision,9/7/2014 23:29,9/8/2014 0:14,45,IN,38.873123,-77.043175
14th_Main,I-395 south,Collision,9/16/2014 21:43,9/16/2014 22:51,68,OUT,38.873123,-77.043175
14th_Main,I-395 north,Collision,7/19/2014 15:31,7/19/2014 15:39,8,IN,38.873123,-77.043175
14th_Main,I-395 south,Collision,9/8/2014 8:56,9/8/2014 9:48,52,OUT,38.873123,-77.043175
14th_Main,I-395N north @ MM 9.700,Collision,7/14/2014 9:19,7/14/2014 10:29,70,IN,38.87225,-77.04305
14th_Main,I-395 north,Collision,9/9/2014 6:30,9/9/2014 7:20,50,IN,38.873123,-77.043175
14th_Main,I-395N north @ MM 9.700,Collision,7/15/2014 6:28,7/15/2014 7:11,43,IN,38.87225,-77.04305
14th_Main,I-395 north,Collision,9/3/2014 14:35,9/3/2014 15:03,28,IN,38.873123,-77.043175
14th_Main,I-395 north,Collision,9/3/2014 13:50,9/3/2014 14:24,34,IN,38.873123,-77.043175
14th_Main,I-395 north,Collision,9/12/2014 15:33,9/12/2014 15:55,22,IN,38.873123,-77.043175
14th_Main,I-395S south @ MM 9.700,Collision,7/21/2014 11:01,7/21/2014 13:17,136,OUT,38.873734,-77.044266
14th_Main,I-395 north,Collision,9/6/2014 0:33,,0,IN,38.873123,-77.043175
14th_Main,I-395 south,Collision,9/8/2014 5:57,9/8/2014 6:46,49,OUT,38.873123,-77.043175
14th_Main,I-395 north,Collision,8/29/2014 23:41,8/30/2014 0:29,48,IN,38.873123,-77.043175
14th_Main,I-395 south,Collision,7/17/2014 14:39,7/17/2014 15:06,27,OUT,38.873123,-77.043175
14th_Main,I-395 north,Collision,7/17/2014 14:40,7/17/2014 15:05,25,IN,38.873123,-77.043175
14th_Main,I-395N north @ MM 9.700,Collision,7/17/2014 16:28,7/17/2014 17:21,53,IN,38.87225,-77.04305
14th_Main,I-395S south @ MM 9.700,Collision,9/9/2014 0:49,9/9/2014 2:19,90,OUT,38.873734,-77.044266
14th_Main,I-395 north,Collision,7/18/2014 5:54,7/18/2014 6:42,48,IN,38.873123,-77.043175
14th_Main,I-395N north @ MM 9.700,Collision,7/30/2014 9:55,7/30/2014 10:00,5,IN,38.87225,-77.04305
14th_Main,I-395S south @ MM 9.700,Disabled Vehicle,9/10/2014 0:04,9/10/2014 1:20,76,OUT,38.873734,-77.044266
14th_Main,I-395N north @ MM 9.700,Disabled Vehicle,9/6/2014 17:04,9/6/2014 17:35,31,IN,38.87225,-77.04305
14th_Main,I-395 south,Disabled Vehicle,9/3/2014 9:30,9/3/2014 9:43,13,OUT,38.873123,-77.043175
14th_Main,I-395 north,Disabled Vehicle,8/30/2014 22:39,8/30/2014 23:04,25,IN,38.873123,-77.043175
14th_Main,I-395S south @ MM 9.700,Disabled Vehicle,8/30/2014 6:04,8/30/2014 6:44,40,OUT,38.873734,-77.044266
14th_Main,I-395N north @ MM 9.700,Disabled Vehicle,9/18/2014 18:14,9/18/2014 18:30,16,IN,38.87225,-77.04305
14th_Main,I-395S south @ MM 9.700,Disabled Vehicle,9/18/2014 22:57,9/18/2014 23:17,20,OUT,38.873734,-77.044266
14th_Main,I-395 south,Disabled Vehicle,8/27/2014 9:29,8/27/2014 10:31,62,OUT,38.873123,-77.043175
14th_Main,I-395S south @ MM 9.700,Disabled Vehicle,8/25/2014 8:06,8/25/2014 8:52,46,OUT,38.873734,-77.044266
14th_Main,I-395S south @ MM 9.700,Disabled Vehicle,9/6/2014 17:14,9/6/2014 19:00,106,OUT,38.873734,-77.044266
14th_Main,I-395 north,Disabled Vehicle,9/22/2014 9:31,9/22/2014 9:40,9,IN,38.873123,-77.043175
14th_Main,I-395 south,Disabled Vehicle,9/5/2014 19:47,9/5/2014 19:58,11,OUT,38.873123,-77.043175
14th_Main,I-395N north @ MM 9.700,Disabled Vehicle,8/20/2014 21:35,8/20/2014 21:46,11,IN,38.87225,-77.04305
14th_Main,I-395 north,Disabled Vehicle,8/8/2014 12:06,8/8/2014 12:21,15,IN,38.873123,-77.043175
14th_Main,I-395N north @ MM 9.700,Disabled Vehicle,8/8/2014 10:49,8/8/2014 11:09,20,IN,38.87225,-77.04305
14th_Main,I-395 north,Disabled Vehicle,7/4/2014 11:15,7/4/2014 11:40,25,IN,38.873123,-77.043175
14th_Main,I-395 north,Disabled Vehicle,8/5/2014 9:32,8/5/2014 9:49,17,IN,38.873123,-77.043175
14th_Main,I-395 north,Disabled Vehicle,7/4/2014 21:33,7/4/2014 22:25,52,IN,38.873123,-77.043175
14th_Main,I-395N north @ MM 9.700,Disabled Vehicle,7/5/2014 11:13,7/5/2014 11:40,27,IN,38.87225,-77.04305
14th_Main,I-395S south @ MM 9.700,Disabled Vehicle,8/1/2014 23:24,8/1/2014 23:50,26,OUT,38.873734,-77.044266
14th_Main,I-395 north,Disabled Vehicle,8/1/2014 20:53,8/1/2014 21:14,21,IN,38.873123,-77.043175
14th_Main,I-395 north,Disabled Vehicle,7/28/2014 15:04,7/28/2014 16:11,67,IN,38.873123,-77.043175
14th_Main,I-395 north,Disabled Vehicle,7/26/2014 7:14,7/26/2014 7:42,28,IN,38.873123,-77.043175
14th_Main,I-395 north,Disabled Vehicle,7/11/2014 18:04,7/11/2014 18:37,33,IN,38.873123,-77.043175
14th_Main,I-395N north @ MM 9.700,Incident,7/18/2014 19:15,7/18/2014 20:44,89,IN,38.87225,-77.04305
14th_Main,I-395 north,Incident,7/17/2014 14:16,7/17/2014 14:31,15,IN,38.873123,-77.043175
14th_Main,I-395 south,Incident,8/20/2014 5:20,8/20/2014 5:31,11,OUT,38.873123,-77.043175
14th_Main,I-395 south,Incident,7/11/2014 17:20,7/11/2014 18:23,63,OUT,38.873123,-77.043175
14th_Main,I-395 north,Traffic Congestion,7/15/2014 8:47,7/15/2014 9:38,51,IN,38.873123,-77.043175
14th_Main,I-395 north,Traffic Congestion,7/17/2014 15:53,7/17/2014 17:04,71,IN,38.873123,-77.043175
14th_Main,I-395 north,Traffic Congestion,7/15/2014 15:30,7/15/2014 18:35,185,IN,38.873123,-77.043175
14th_Main,I-395 north,Traffic Congestion,9/12/2014 17:37,9/12/2014 18:01,24,IN,38.873123,-77.043175
14th_Main,I-395 north,Traffic Congestion,9/15/2014 8:36,9/15/2014 10:25,109,IN,38.873123,-77.043175
14th_Main,I-395N north @ MM 9.700,Traffic Congestion,9/10/2014 15:21,9/10/2014 17:42,141,IN,38.87225,-77.04305
14th_Main,I-395 north,Traffic Congestion,9/10/2014 15:19,9/10/2014 17:42,143,IN,38.873123,-77.043175
14th_Main,I-395 north,Traffic Congestion,9/10/2014 7:28,9/10/2014 10:58,210,IN,38.873123,-77.043175
14th_Main,I-395 north,Traffic Congestion,7/17/2014 7:05,7/17/2014 10:01,176,IN,38.873123,-77.043175
14th_Main,I-395 north,Traffic Congestion,9/16/2014 6:30,9/16/2014 8:15,105,IN,38.873123,-77.043175
14th_Main,I-395N north @ MM 9.700,Traffic Congestion,7/14/2014 8:29,7/14/2014 9:06,37,IN,38.87225,-77.04305
14th_Main,I-395 north,Traffic Congestion,9/9/2014 6:19,9/9/2014 10:21,242,IN,38.873123,-77.043175
14th_Main,I-395 north,Traffic Congestion,7/18/2014 6:39,7/18/2014 9:09,150,IN,38.873123,-77.043175
14th_Main,I-395 north,Traffic Congestion,9/16/2014 8:15,9/16/2014 10:23,128,IN,38.873123,-77.043175
14th_Main,I-395N north @ MM 9.700,Traffic Congestion,9/16/2014 8:16,9/16/2014 10:06,110,IN,38.87225,-77.04305
14th_Main,I-395 north,Traffic Congestion,9/8/2014 17:59,9/8/2014 18:41,42,IN,38.873123,-77.043175
14th_Main,I-395 north,Traffic Congestion,7/18/2014 18:44,7/18/2014 19:42,58,IN,38.873123,-77.043175
14th_Main,I-395 north,Traffic Congestion,9/11/2014 7:33,9/11/2014 12:13,280,IN,38.873123,-77.043175
14th_Main,I-395 north,Traffic Congestion,9/6/2014 14:45,9/6/2014 15:30,45,IN,38.873123,-77.043175
14th_Main,I-395 north,Traffic Congestion,7/16/2014 17:37,7/16/2014 18:41,64,IN,38.873123,-77.043175
14th_Main,I-395 north,Traffic Congestion,7/22/2014 7:41,7/22/2014 10:12,151,IN,38.873123,-77.043175
14th_Main,I-395 north,Traffic Congestion,9/17/2014 6:48,9/17/2014 10:29,221,IN,38.873123,-77.043175
14th_Main,I-395 north,Traffic Congestion,7/22/2014 17:21,7/22/2014 19:43,142,IN,38.873123,-77.043175
14th_Main,I-395 north,Traffic Congestion,9/12/2014 8:39,9/12/2014 9:34,55,IN,38.873123,-77.043175
14th_Main,I-395 north,Traffic Congestion,9/4/2014 7:30,9/4/2014 9:26,116,IN,38.873123,-77.043175
14th_Main,I-395 south,Traffic Congestion,7/16/2014 16:27,7/16/2014 16:57,30,OUT,38.873123,-77.043175
14th_Main,I-395 north,Traffic Congestion,7/16/2014 7:38,7/16/2014 9:46,128,IN,38.873123,-77.043175
14th_Main,I-395 north,Traffic Congestion,7/23/2014 8:21,7/23/2014 10:21,120,IN,38.873123,-77.043175
14th_Main,I-395 north,Traffic Congestion,9/17/2014 16:30,9/17/2014 18:26,116,IN,38.873123,-77.043175
14th_Main,I-395 north,Traffic Congestion,9/3/2014 6:54,9/3/2014 9:55,181,IN,38.873123,-77.043175
14th_Main,I-395 south,Traffic Congestion,7/11/2014 17:37,7/11/2014 18:12,35,OUT,38.873123,-77.043175
14th_Main,I-395 north,Traffic Congestion,9/18/2014 7:42,9/18/2014 10:15,153,IN,38.873123,-77.043175
14th_Main,I-395 north,Traffic Congestion,7/19/2014 14:25,7/19/2014 16:17,112,IN,38.873123,-77.043175
14th_Main,I-395 north,Traffic Congestion,7/11/2014 15:15,7/11/2014 16:15,60,IN,38.873123,-77.043175
14th_Main,I-395 north,Traffic Congestion,9/8/2014 7:07,9/8/2014 9:22,135,IN,38.873123,-77.043175
14th_Main,I-395 north,Traffic Congestion,9/2/2014 8:40,9/2/2014 9:53,73,IN,38.873123,-77.043175
14th_Main,I-395 north,Traffic Congestion,9/18/2014 16:59,9/18/2014 21:08,249,IN,38.873123,-77.043175
14th_Main,I-395 north,Traffic Congestion,8/29/2014 17:59,8/29/2014 18:20,21,IN,38.873123,-77.043175
14th_Main,I-395 north,Traffic Congestion,8/29/2014 14:51,8/29/2014 16:19,88,IN,38.873123,-77.043175
14th_Main,I-395 north,Traffic Congestion,7/10/2014 17:09,7/10/2014 18:59,110,IN,38.873123,-77.043175
14th_Main,I-395 north,Traffic Congestion,7/25/2014 15:08,7/25/2014 19:53,285,IN,38.873123,-77.043175
14th_Main,I-395 north,Traffic Congestion,7/21/2014 18:01,7/21/2014 18:48,47,IN,38.873123,-77.043175
14th_Main,I-395 north,Traffic Congestion,8/28/2014 16:42,8/28/2014 18:42,120,IN,38.873123,-77.043175
14th_Main,I-395 north,Traffic Congestion,8/28/2014 15:59,8/28/2014 16:19,20,IN,38.873123,-77.043175
14th_Main,I-395N north @ MM 9.700,Traffic Congestion,7/10/2014 8:10,7/10/2014 9:30,80,IN,38.87225,-77.04305
14th_Main,I-395 north,Traffic Congestion,9/5/2014 6:49,9/5/2014 8:59,130,IN,38.873123,-77.043175
14th_Main,I-395 north,Traffic Congestion,9/4/2014 17:42,9/4/2014 19:03,81,IN,38.873123,-77.043175
14th_Main,I-395 north,Traffic Congestion,9/22/2014 6:49,9/22/2014 7:38,49,IN,38.873123,-77.043175
14th_Main,I-395 north,Traffic Congestion,9/22/2014 7:27,9/22/2014 9:55,148,IN,38.873123,-77.043175
14th_Main,I-395 north,Traffic Congestion,8/27/2014 5:58,8/27/2014 8:41,163,IN,38.873123,-77.043175
14th_Main,I-395 north,Traffic Congestion,7/9/2014 7:59,7/9/2014 9:38,99,IN,38.873123,-77.043175
14th_Main,I-395 north,Traffic Congestion,9/23/2014 6:47,9/23/2014 10:15,208,IN,38.873123,-77.043175
14th_Main,I-395 north,Traffic Congestion,8/26/2014 7:30,8/26/2014 9:19,109,IN,38.873123,-77.043175
14th_Main,I-395N north @ MM 9.700,Traffic Congestion,8/26/2014 7:29,8/26/2014 9:38,129,IN,38.87225,-77.04305
14th_Main,I-395 north,Traffic Congestion,7/29/2014 8:52,7/29/2014 9:55,63,IN,38.873123,-77.043175
14th_Main,I-395 north,Traffic Congestion,9/23/2014 16:35,9/23/2014 19:14,159,IN,38.873123,-77.043175
14th_Main,I-395 north,Traffic Congestion,9/24/2014 6:39,9/24/2014 9:46,187,IN,38.873123,-77.043175
14th_Main,I-395 north,Traffic Congestion,7/8/2014 8:49,7/8/2014 10:40,111,IN,38.873123,-77.043175
14th_Main,I-395 north,Traffic Congestion,7/30/2014 7:06,7/30/2014 10:23,197,IN,38.873123,-77.043175
14th_Main,I-395 north,Traffic Congestion,8/24/2014 13:04,8/24/2014 14:14,70,IN,38.873123,-77.043175
14th_Main,I-395 north,Traffic Congestion,8/23/2014 16:03,8/23/2014 19:19,196,IN,38.873123,-77.043175
14th_Main,I-395 north,Traffic Congestion,7/31/2014 8:20,7/31/2014 9:40,80,IN,38.873123,-77.043175
14th_Main,I-395 north,Traffic Congestion,9/24/2014 18:22,9/24/2014 19:53,91,IN,38.873123,-77.043175
14th_Main,I-395 north,Traffic Congestion,7/24/2014 8:33,7/24/2014 10:09,96,IN,38.873123,-77.043175
14th_Main,I-395 north,Traffic Congestion,9/25/2014 7:05,9/25/2014 10:29,204,IN,38.873123,-77.043175
14th_Main,I-395 north,Traffic Congestion,8/22/2014 11:59,8/22/2014 19:18,439,IN,38.873123,-77.043175
14th_Main,I-395 north,Traffic Congestion,7/31/2014 15:40,7/31/2014 20:03,263,IN,38.873123,-77.043175
14th_Main,I-395 north,Traffic Congestion,8/21/2014 17:06,8/21/2014 18:17,71,IN,38.873123,-77.043175
14th_Main,I-395 north,Traffic Congestion,9/25/2014 15:02,9/25/2014 15:37,35,IN,38.873123,-77.043175
14th_Main,I-395 north,Traffic Congestion,8/1/2014 7:28,8/1/2014 9:11,103,IN,38.873123,-77.043175
14th_Main,I-395 north,Traffic Congestion,8/21/2014 14:20,8/21/2014 16:43,143,IN,38.873123,-77.043175
14th_Main,I-395 north,Traffic Congestion,8/21/2014 7:18,8/21/2014 9:07,109,IN,38.873123,-77.043175
14th_Main,I-395 north,Traffic Congestion,8/20/2014 18:00,8/20/2014 19:06,66,IN,38.873123,-77.043175
14th_Main,I-395 north,Traffic Congestion,9/25/2014 15:47,9/25/2014 16:28,41,IN,38.873123,-77.043175
14th_Main,I-395 north,Traffic Congestion,8/1/2014 18:29,8/1/2014 19:14,45,IN,38.873123,-77.043175
14th_Main,I-395 north,Traffic Congestion,9/25/2014 17:30,9/25/2014 19:14,104,IN,38.873123,-77.043175
14th_Main,I-395 north,Traffic Congestion,8/20/2014 6:46,8/20/2014 9:10,144,IN,38.873123,-77.043175
14th_Main,I-395 north,Traffic Congestion,8/2/2014 12:28,8/2/2014 12:57,29,IN,38.873123,-77.043175
14th_Main,I-395 north,Traffic Congestion,9/19/2014 7:36,9/19/2014 9:40,124,IN,38.873123,-77.043175
14th_Main,I-395 north,Traffic Congestion,8/19/2014 17:57,8/19/2014 18:58,61,IN,38.873123,-77.043175
14th_Main,I-395 north,Traffic Congestion,8/3/2014 12:28,8/3/2014 13:45,77,IN,38.873123,-77.043175
14th_Main,I-395 north,Traffic Congestion,8/19/2014 7:31,8/19/2014 9:11,100,IN,38.873123,-77.043175
14th_Main,I-395 north,Traffic Congestion,7/5/2014 14:44,7/5/2014 17:27,163,IN,38.873123,-77.043175
14th_Main,I-395 north,Traffic Congestion,8/4/2014 8:37,8/4/2014 8:49,12,IN,38.873123,-77.043175
14th_Main,I-395 north,Traffic Congestion,8/18/2014 17:28,8/18/2014 18:44,76,IN,38.873123,-77.043175
14th_Main,I-395 north,Traffic Congestion,8/18/2014 7:41,8/18/2014 9:15,94,IN,38.873123,-77.043175
14th_Main,I-395 north,Traffic Congestion,9/26/2014 15:16,9/26/2014 19:34,258,IN,38.873123,-77.043175
14th_Main,I-395 north,Traffic Congestion,8/5/2014 6:53,8/5/2014 10:16,203,IN,38.873123,-77.043175
14th_Main,I-395 north,Traffic Congestion,7/4/2014 19:57,7/4/2014 23:05,188,IN,38.873123,-77.043175
14th_Main,I-395 north,Traffic Congestion,8/5/2014 15:44,8/5/2014 19:31,227,IN,38.873123,-77.043175
14th_Main,I-395 north,Traffic Congestion,7/4/2014 14:43,7/4/2014 17:10,147,IN,38.873123,-77.043175
14th_Main,I-395 north,Traffic Congestion,7/4/2014 11:45,7/4/2014 14:08,143,IN,38.873123,-77.043175
14th_Main,I-395 north,Traffic Congestion,8/6/2014 6:18,8/6/2014 9:20,182,IN,38.873123,-77.043175
14th_Main,I-395 north,Traffic Congestion,8/15/2014 19:57,8/15/2014 20:49,52,IN,38.873123,-77.043175
14th_Main,I-395 north,Traffic Congestion,8/15/2014 16:34,8/15/2014 19:56,202,IN,38.873123,-77.043175
14th_Main,I-395 north,Traffic Congestion,8/6/2014 15:54,8/6/2014 17:43,109,IN,38.873123,-77.043175
14th_Main,I-395 north,Traffic Congestion,8/7/2014 6:46,8/7/2014 9:09,143,IN,38.873123,-77.043175
14th_Main,I-395 north,Traffic Congestion,8/7/2014 11:31,8/7/2014 13:55,144,IN,38.873123,-77.043175
14th_Main,I-395 north,Traffic Congestion,7/3/2014 14:49,7/3/2014 16:38,109,IN,38.873123,-77.043175
14th_Main,I-395 north,Traffic Congestion,9/27/2014 13:46,9/27/2014 16:30,164,IN,38.873123,-77.043175
14th_Main,I-395 north,Traffic Congestion,8/28/2014 6:44,8/28/2014 9:01,137,IN,38.873123,-77.043175
14th_Main,I-395 north,Traffic Congestion,8/14/2014 7:13,,0,IN,38.873123,-77.043175
14th_Main,I-395 north,Traffic Congestion,8/7/2014 16:15,8/7/2014 19:23,188,IN,38.873123,-77.043175
14th_Main,I-395 north,Traffic Congestion,9/28/2014 12:43,9/28/2014 14:26,103,IN,38.873123,-77.043175
14th_Main,I-395 north,Traffic Congestion,8/13/2014 7:32,8/13/2014 9:31,119,IN,38.873123,-77.043175
14th_Main,I-395 north,Traffic Congestion,7/2/2014 17:34,7/2/2014 19:04,90,IN,38.873123,-77.043175
14th_Main,I-395 north,Traffic Congestion,8/8/2014 15:19,8/8/2014 16:03,44,IN,38.873123,-77.043175
14th_Main,I-395 north,Traffic Congestion,7/9/2014 16:00,7/9/2014 17:55,115,IN,38.873123,-77.043175
14th_Main,I-395 north,Traffic Congestion,9/29/2014 7:25,9/29/2014 9:26,121,IN,38.873123,-77.043175
14th_Main,I-395 north,Traffic Congestion,7/28/2014 6:53,7/28/2014 9:28,155,IN,38.873123,-77.043175
14th_Main,I-395 north,Traffic Congestion,7/2/2014 8:36,7/2/2014 9:04,28,IN,38.873123,-77.043175
14th_Main,I-395 north,Traffic Congestion,8/12/2014 6:37,8/12/2014 9:27,170,IN,38.873123,-77.043175
14th_Main,I-395 north,Traffic Congestion,8/11/2014 16:45,8/11/2014 19:22,157,IN,38.873123,-77.043175
14th_Main,I-395 north,Traffic Congestion,8/11/2014 6:15,8/11/2014 9:18,183,IN,38.873123,-77.043175
14th_Main,I-395 north,Traffic Congestion,7/1/2014 7:19,7/1/2014 10:36,197,IN,38.873123,-77.043175
14th_Main,I-395 north,Traffic Congestion,9/30/2014 6:56,9/30/2014 10:08,192,IN,38.873123,-77.043175
Chain,Canal Rd,Traffic Signal Not Working,8/6/2014 6:14,8/6/2014 6:23,9,,38.930977,-77.116684
Chain,Military Road,Collision,3/3/2014 8:00,3/3/2014 8:32,32,,38.929134,-77.11767
Key,Canal Road,Incident,2/12/2014 0:00,2/12/2014 15:08,908,,38.904449,-77.07177
Key,foxhall,Incident,7/2/2014 20:47,7/2/2014 20:48,1,,38.905022,-77.070435
Key,US-29P south @ MM 0.900,Incident,12/6/2013 6:30,12/6/2013 8:46,136,OUT,38.90147,-77.0703
Key,VA-90005S south @ MM 16.900,Disabled Vehicle,4/27/2014 15:56,4/27/2014 16:17,21,OUT,38.90074,-77.07118
Memorial,memorial bridge north,Incident,10/16/2013 10:27,10/16/2013 10:30,3,IN,38.889053,-77.052711
Memorial,T. R Bridge west,Incident,10/4/2013 19:11,10/4/2013 19:12,1,OUT,38.889374,-77.054756
Memorial,Memorial Br,Special Event,5/23/2014 0:00,5/23/2014 20:50,1250,,38.888008,-77.053848
Memorial,295 north,Collision,7/9/2014 15:24,7/9/2014 15:25,1,IN,38.891266,-77.053314
Roosevelt,T R Bridge,Incident,10/28/2013 16:23,10/28/2013 16:23,0,,38.895145,-77.053902
Roosevelt,T. R Bridge west,Incident,10/4/2013 19:11,10/4/2013 19:12,1,OUT,38.889374,-77.054756
Roosevelt,295 north,Collision,7/9/2014 15:24,7/9/2014 15:25,1,IN,38.891266,-77.053314
Roosevelt,295 north,Disabled Vehicle,7/30/2014 16:10,7/30/2014 16:19,9,IN,38.892952,-77.054855
Roosevelt,E street xpressway east,Disabled Vehicle,7/25/2014 17:20,7/25/2014 17:21,1,IN,38.89431,-77.053413
Roosevelt,SW Freeway,Incident,8/3/2014 14:34,8/3/2014 14:45,11,,38.896473,-77.058556
Roosevelt,I-66E east @ MM 74.700,Collision,11/1/2013 15:12,11/1/2013 16:35,83,IN,38.89166,-77.06434
Roosevelt,I-66E east @ MM 74.700,Collision,12/3/2013 8:46,12/3/2013 9:19,33,IN,38.89166,-77.06434
Roosevelt,I-66E east @ MM 74.700,Collision,10/17/2013 8:55,10/17/2013 9:15,20,IN,38.89166,-77.06434
Roosevelt,I-66E east @ MM 74.700,Disabled Vehicle,11/9/2013 9:18,11/9/2013 9:32,14,IN,38.89166,-77.06434
Roosevelt,I-66E east @ MM 74.700,Disabled Vehicle,12/29/2013 18:21,12/29/2013 18:43,22,IN,38.89166,-77.06434
Roosevelt,I-66E east @ MM 74.700,Traffic Congestion,10/23/2013 7:53,10/23/2013 10:19,146,IN,38.89166,-77.06434
Roosevelt,I-66E east @ MM 74.700,Traffic Congestion,11/12/2013 8:17,11/12/2013 9:51,94,IN,38.89166,-77.06434
Roosevelt,I-66W west @ MM 75.100,Disabled Vehicle,3/20/2014 23:20,3/20/2014 23:23,3,OUT,38.89198,-77.065216
Roosevelt,I-66E east @ MM 74.700,Collision,3/20/2014 19:06,3/20/2014 19:50,44,IN,38.89166,-77.06434
Roosevelt,I-66E east @ MM 74.700,Disabled Vehicle,3/17/2014 11:31,3/17/2014 12:31,60,IN,38.89166,-77.06434
Roosevelt,I-66E east @ MM 74.700,Disabled Vehicle,3/11/2014 16:37,3/11/2014 16:56,19,IN,38.89166,-77.06434
Roosevelt,I-66E east @ MM 74.600,Collision,3/6/2014 6:50,3/6/2014 7:25,35,IN,38.89196,-77.065575
Roosevelt,I-66E east @ MM 74.700,Collision,3/5/2014 15:15,3/5/2014 16:13,58,IN,38.89166,-77.06434
Roosevelt,I-66E east @ MM 74.700,Traffic Congestion,2/19/2014 8:24,2/19/2014 10:34,130,IN,38.89166,-77.06434
Roosevelt,I-66E east @ MM 74.700,Collision,2/14/2014 1:55,2/14/2014 3:06,71,IN,38.89166,-77.06434
Roosevelt,I-66E east @ MM 74.700,Traffic Congestion,2/12/2014 8:32,2/12/2014 10:23,111,IN,38.89166,-77.06434
Roosevelt,I-66E east @ MM 74.700,Collision,1/22/2014 15:28,1/22/2014 15:52,24,IN,38.89166,-77.06434
Roosevelt,I-66E east @ MM 74.700,Disabled Vehicle,1/19/2014 19:23,1/19/2014 19:32,9,IN,38.89166,-77.06434
Roosevelt,I-66E east @ MM 74.700,Collision,1/7/2014 13:25,1/7/2014 14:25,60,IN,38.89166,-77.06434
Roosevelt,I-66E east @ MM 74.700,Collision,1/6/2014 10:53,1/6/2014 11:50,57,IN,38.89166,-77.06434
Roosevelt,I-66E east @ MM 74.700,Collision,5/12/2014 8:35,5/12/2014 9:05,30,IN,38.89166,-77.06434
Roosevelt,I-66E east @ MM 74.600,Collision,5/7/2014 9:13,5/7/2014 9:39,26,IN,38.89196,-77.065575
Roosevelt,I-66E east @ MM 74.700,Collision,5/16/2014 14:49,5/16/2014 15:44,55,IN,38.89166,-77.06434
Roosevelt,I-66E east @ MM 74.700,Collision,6/4/2014 17:32,6/4/2014 17:40,8,IN,38.89166,-77.06434
Roosevelt,I-66E east @ MM 74.600,Disabled Vehicle,5/28/2014 9:05,5/28/2014 9:12,7,IN,38.89196,-77.065575
Roosevelt,I-66E east @ MM 74.700,Disabled Vehicle,5/8/2014 15:22,5/8/2014 15:29,7,IN,38.89166,-77.06434
Roosevelt,I-66E east @ MM 74.700,Disabled Vehicle,5/2/2014 18:08,5/2/2014 18:12,4,IN,38.89166,-77.06434
Roosevelt,I-66E east @ MM 74.700,Disabled Vehicle,4/30/2014 19:30,4/30/2014 20:49,79,IN,38.89166,-77.06434
Roosevelt,I-66E east @ MM 74.700,Disabled Vehicle,4/30/2014 17:26,4/30/2014 18:44,78,IN,38.89166,-77.06434
Roosevelt,I-66E east @ MM 74.700,Disabled Vehicle,4/21/2014 10:46,4/21/2014 11:14,28,IN,38.89166,-77.06434
Roosevelt,I-66E east @ MM 74.700,Incident,5/21/2014 10:35,5/21/2014 10:38,3,IN,38.89166,-77.06434
Roosevelt,I-66E east @ MM 74.700,Traffic Congestion,6/5/2014 8:21,6/5/2014 10:07,106,IN,38.89166,-77.06434
Roosevelt,I-66E east @ MM 74.700,Traffic Congestion,5/19/2014 7:58,5/19/2014 9:42,104,IN,38.89166,-77.06434
Roosevelt,I-66E east @ MM 74.700,Collision,7/2/2014 12:31,7/2/2014 13:29,58,IN,38.89166,-77.06434
Roosevelt,I-66E east @ MM 74.700,Collision,7/4/2014 21:37,7/4/2014 21:50,13,IN,38.89166,-77.06434
Roosevelt,I-66E east @ MM 74.700,Collision,7/29/2014 16:24,7/29/2014 17:14,50,IN,38.89166,-77.06434
Roosevelt,I-66E east @ MM 74.700,Collision,8/28/2014 14:10,8/28/2014 15:01,51,IN,38.89166,-77.06434
Roosevelt,I-66E east @ MM 74.700,Collision,9/4/2014 17:34,9/4/2014 17:51,17,IN,38.89166,-77.06434
Roosevelt,I-66E east @ MM 74.600,Collision,7/17/2014 9:23,7/17/2014 10:22,59,IN,38.89196,-77.065575
Roosevelt,I-66E east @ MM 74.700,Disabled Vehicle,9/7/2014 20:44,9/7/2014 22:00,76,IN,38.89166,-77.06434
Roosevelt,I-66E east @ MM 74.700,Disabled Vehicle,8/27/2014 20:50,8/27/2014 22:01,71,IN,38.89166,-77.06434
Roosevelt,I-66E east @ MM 74.700,Disabled Vehicle,8/6/2014 16:20,8/6/2014 18:15,115,IN,38.89166,-77.06434
Roosevelt,I-66E east @ MM 74.700,Disabled Vehicle,8/4/2014 0:31,8/4/2014 0:50,19,IN,38.89166,-77.06434
Roosevelt,I-66W west @ MM 74.5,Collision,12/18/2013 11:38,12/18/2013 12:12,34,OUT,38.898777,-77.07249
Roosevelt,I-66W west @ MM 74.5,Collision,11/24/2013 15:29,11/24/2013 16:06,37,OUT,38.898777,-77.07249
Roosevelt,I-66E east @ MM 74.5,Disabled Vehicle,11/15/2013 8:02,11/15/2013 8:07,5,IN,38.89295,-77.06708
Roosevelt,I-66E east @ MM 74.5,Disabled Vehicle,11/7/2013 5:05,11/7/2013 5:44,39,IN,38.89295,-77.06708
Roosevelt,I-66W west @ MM 74.5,Disabled Vehicle,10/12/2013 23:51,10/13/2013 0:33,42,OUT,38.898777,-77.07249
Roosevelt,I-66E east @ MM 74.5,Disabled Vehicle,10/27/2013 11:56,10/27/2013 13:25,89,IN,38.89295,-77.06708
Roosevelt,I-66W west @ MM 74.5,Disabled Vehicle,2/13/2014 2:11,2/13/2014 2:20,9,OUT,38.898777,-77.07249
Roosevelt,I-66E east @ MM 74.5,Collision,5/1/2014 17:16,5/1/2014 18:02,46,IN,38.89295,-77.06708
Roosevelt,I-66W west @ MM 74.5,Disabled Vehicle,6/7/2014 15:27,6/7/2014 16:02,35,OUT,38.898777,-77.07249
Roosevelt,I-66E east @ MM 74.5,Disabled Vehicle,5/28/2014 13:51,5/28/2014 14:12,21,IN,38.89295,-77.06708
Roosevelt,I-66E east @ MM 74.5,Disabled Vehicle,4/8/2014 15:15,4/8/2014 15:24,9,IN,38.89295,-77.06708
Roosevelt,I-66W west @ MM 74.5,Disabled Vehicle,4/24/2014 22:02,4/24/2014 22:25,23,OUT,38.898777,-77.07249
Roosevelt,I-66E east @ MM 74.5,Disabled Vehicle,4/20/2014 3:23,4/20/2014 3:28,5,IN,38.89295,-77.06708
Roosevelt,I-66E east @ MM 74.5,Incident,4/7/2014 11:28,4/7/2014 11:59,31,IN,38.89295,-77.06708
Roosevelt,I-66E east @ MM 74.5,Collision,8/13/2014 0:55,8/13/2014 1:45,50,IN,38.89295,-77.06708
Roosevelt,I-66W west @ MM 74.5,Disabled Vehicle,8/21/2014 14:47,8/21/2014 15:43,56,OUT,38.898777,-77.07249
Roosevelt,I-66E east @ MM 74.5,Disabled Vehicle,7/14/2014 19:09,7/14/2014 19:32,23,IN,38.89295,-77.06708
Roosevelt,I-66W west @ MM 74.6,Disabled Vehicle,12/13/2013 0:37,12/13/2013 0:52,15,OUT,38.898647,-77.07074
Roosevelt,I-66W west @ MM 74.6,Incident,12/23/2013 22:20,12/23/2013 23:16,56,OUT,38.898647,-77.07074
Roosevelt,I-66W west @ MM 74.6,Disabled Vehicle,1/7/2014 12:13,1/7/2014 12:59,46,OUT,38.898647,-77.07074
Roosevelt,I-66W west @ MM 74.6,Disabled Vehicle,6/2/2014 20:18,6/2/2014 20:23,5,OUT,38.898647,-77.07074
Roosevelt,I-66W west @ MM 74.6,Disabled Vehicle,4/19/2014 0:05,4/19/2014 1:11,66,OUT,38.898647,-77.07074
Roosevelt,I-66W west @ MM 74.7,Disabled Vehicle,10/13/2013 17:10,10/13/2013 18:27,77,OUT,38.898014,-77.06912
Roosevelt,I-66W west @ MM 74.7,Disabled Vehicle,1/18/2014 3:47,1/18/2014 3:53,6,OUT,38.898014,-77.06912
Roosevelt,I-66W west @ MM 74.7,Disabled Vehicle,4/6/2014 18:54,4/6/2014 19:06,12,OUT,38.898014,-77.06912
Roosevelt,I-66W west @ MM 74.7,Collision,9/4/2014 17:24,9/4/2014 17:34,10,OUT,38.898014,-77.06912
